Площадь,Комнаты,Цена,Этаж квартиры,Этажей в доме,Год сдачи,Район
177.8,1,5449000,2.0,5.0,2025.0,Курортный
161.0,2,5200000,1.0,6.0,2023.0,Колпинский
185.0,1,6300000,5.0,6.0,2026.0,Колпинский
158.0,3,5400000,11.0,6.0,2026.0,Пушкинский
191.1,3,6900000,1.0,26.0,2024.0,Кронштадтский
185.4,2,6970000,1.0,18.0,2026.0,Кронштадтский
150.0,3,5662425,4.0,9.0,2025.0,Пушкинский
126.0,1,4780000,4.0,20.0,2028.0,Кронштадтский
196.9,6,7550024,3.0,5.0,2024.0,Курортный
178.3,3,7400000,6.0,7.0,2021.0,Курортный
196.9,4,8800000,5.0,9.0,2028.0,Колпинский
192.0,1,8600000,3.0,9.0,2029.0,Курортный
152.0,3,7100000,1.0,5.0,2027.0,Кронштадтский
151.9,1,7132150,14.0,10.0,2024.0,Курортный
170.0,1,8200000,8.0,4.0,2026.0,Колпинский
112.8,2,5500000,18.0,5.0,2027.0,Пушкинский
170.0,4,8316750,2.0,9.0,2026.0,Колпинский
132.0,4,6531840,12.0,10.0,2024.0,Курортный
132.0,2,6700000,20.0,17.0,2025.0,Курортный
196.9,1,10150000,7.0,11.0,2027.0,Курортный
105.0,2,5449000,6.0,23.0,2026.0,Пушкинский
104.0,4,5450000,5.0,16.0,2023.0,Курортный
110.4,1,5790000,14.0,5.0,2027.0,Кронштадтский
97.0,3,5105528,4.0,4.0,2028.0,Курортный
122.8,3,6500000,3.0,12.0,2025.0,Курортный
98.1,3,5250000,5.0,19.0,2025.0,Курортный
109.3,4,5950000,11.0,23.0,2026.0,Кронштадтский
177.8,4,9716000,7.0,7.0,2029.0,Пушкинский
99.8,3,5550000,3.0,9.0,2026.0,Пушкинский
86.2,2,4968000,2.0,5.0,2026.0,Курортный
151.9,1,8880320,5.0,4.0,2020.0,Кронштадтский
127.2,5,7500000,1.0,5.0,2026.0,Курортный
61.0,3,3600000,2.0,8.0,2023.0,Курортный
110.0,3,6531840,2.0,14.0,2028.0,Кронштадтский
151.0,2,9000000,2.0,17.0,2025.0,Колпинский
122.8,3,7393759,4.0,11.0,2028.0,Кронштадтский
85.5,1,5200000,2.0,6.0,2029.0,Пушкинский
132.0,1,8039410,1.0,9.0,2029.0,Пушкинский
159.3,1,9800000,3.0,6.0,2024.0,Курортный
115.3,3,7200000,12.0,25.0,2025.0,Пушкинский
140.0,1,8875200,15.0,22.0,2027.0,Курортный
148.4,3,9450150,3.0,21.0,2023.0,Кронштадтский
98.1,1,6300000,17.0,16.0,2029.0,Курортный
142.9,1,9202103,8.0,5.0,2028.0,Пушкинский
177.8,1,11500000,1.0,6.0,2026.0,Колпинский
73.6,4,4780000,14.0,12.0,2026.0,Пушкинский
97.3,4,6500000,18.0,5.0,2027.0,Колпинский
87.0,1,5813511,12.0,14.0,2028.0,Пушкинский
99.9,1,6700000,2.0,5.0,2028.0,Пушкинский
170.9,2,11494970,3.0,12.0,2022.0,Курортный
86.2,2,5809000,13.0,6.0,2025.0,Пушкинский
80.1,4,5446000,14.0,4.0,2022.0,Кронштадтский
72.6,3,4968000,2.0,13.0,2023.0,Кронштадтский
99.8,2,6880000,5.0,16.0,2029.0,Пушкинский
113.9,4,7885800,2.0,16.0,2024.0,Колпинский
96.2,3,6700000,1.0,24.0,2023.0,Колпинский
115.3,1,8039410,2.0,6.0,2027.0,Пушкинский
154.0,1,10793771,2.0,5.0,2023.0,Колпинский
154.0,1,10857066,6.0,14.0,2023.0,Колпинский
104.0,1,7340625,5.0,6.0,2023.0,Пушкинский
112.8,1,7999000,2.0,25.0,2025.0,Колпинский
75.3,2,5400000,1.0,5.0,2027.0,Кронштадтский
87.8,2,6300000,10.0,4.0,2026.0,Колпинский
101.9,3,7350000,1.0,10.0,2024.0,Курортный
80.9,1,5900000,9.0,14.0,2022.0,Пушкинский
75.3,3,5550000,4.0,12.0,2026.0,Кронштадтский
112.8,2,8316750,3.0,14.0,2026.0,Пушкинский
99.0,1,7340625,1.0,18.0,2026.0,Пушкинский
87.0,3,6500000,4.0,12.0,2025.0,Пушкинский
97.2,1,7350000,2.0,6.0,2025.0,Колпинский
95.0,1,7200000,4.0,23.0,2027.0,Курортный
95.0,3,7241300,8.0,13.0,2026.0,Колпинский
90.2,2,6892698,5.0,11.0,2025.0,Колпинский
78.0,3,5996400,5.0,7.0,2026.0,Курортный
85.5,1,6700000,3.0,7.0,2025.0,Кронштадтский
158.0,2,12450000,4.0,5.0,2019.0,Колпинский
91.1,3,7200000,10.0,9.0,2025.0,Колпинский
159.3,2,12600000,4.0,25.0,2026.0,Колпинский
107.0,1,8500000,5.0,13.0,2025.0,Курортный
110.4,1,8900000,4.0,6.0,2023.0,Колпинский
110.2,6,8991000,2.0,9.0,2028.0,Курортный
79.4,4,6500000,5.0,8.0,2019.0,Пушкинский
68.2,2,5700000,5.0,13.0,2024.0,Кронштадтский
99.9,3,8383875,4.0,7.0,2024.0,Курортный
87.0,3,7350000,4.0,10.0,2027.0,Курортный
85.3,2,7241300,7.0,23.0,2026.0,Пушкинский
108.1,2,9202103,12.0,5.0,2027.0,Курортный
170.0,4,14554400,12.0,16.0,2026.0,Пушкинский
99.8,1,8600936,1.0,9.0,2026.0,Колпинский
161.0,2,13889628,22.0,4.0,2029.0,Колпинский
83.4,1,7241300,10.0,12.0,2027.0,Курортный
73.2,6,6357000,3.0,18.0,2019.0,Колпинский
95.0,3,8316750,7.0,16.0,2026.0,Курортный
110.8,1,9716000,5.0,24.0,2026.0,Курортный
80.9,2,7200000,17.0,12.0,2027.0,Колпинский
73.6,3,6700000,4.0,5.0,,Колпинский
96.2,2,8759199,9.0,4.0,2023.0,Курортный
152.0,2,13889628,2.0,15.0,2026.0,Курортный
65.1,1,5999000,18.0,8.0,2028.0,Пушкинский
86.4,3,7999000,2.0,10.0,2027.0,Пушкинский
101.9,2,9490000,2.0,20.0,2026.0,Колпинский
93.0,3,8673942,1.0,7.0,2026.0,Пушкинский
86.7,1,8115840,5.0,9.0,2029.0,Кронштадтский
170.9,2,15999999,5.0,12.0,2025.0,Курортный
148.4,1,13999999,2.0,10.0,2027.0,Курортный
102.8,3,9710000,4.0,16.0,2021.0,Пушкинский
72.6,1,6892698,13.0,22.0,2024.0,Кронштадтский
59.6,3,5700000,4.0,14.0,2026.0,Курортный
66.4,4,6357000,4.0,16.0,2026.0,Колпинский
89.4,1,8559000,3.0,9.0,2025.0,Курортный
124.6,1,11990000,1.0,6.0,2022.0,Кронштадтский
166.0,4,15999999,5.0,16.0,2024.0,Пушкинский
71.0,6,6880000,9.0,15.0,2023.0,Пушкинский
110.2,2,10700000,16.0,20.0,2026.0,Пушкинский
56.4,6,5550000,4.0,5.0,2024.0,Колпинский
79.2,3,7800000,8.0,14.0,,Пушкинский
55.5,2,5500000,4.0,5.0,2026.0,Пушкинский
66.2,1,6600229,7.0,25.0,2021.0,Пушкинский
54.2,5,5446000,8.0,5.0,2029.0,Кронштадтский
85.5,1,8600000,10.0,5.0,2027.0,Пушкинский
128.8,3,12990000,1.0,11.0,2024.0,Курортный
85.3,2,8605000,3.0,9.0,2024.0,Пушкинский
62.6,3,6357000,2.0,12.0,2029.0,Колпинский
57.1,3,5809000,5.0,14.0,2024.0,Курортный
77.4,3,7885800,6.0,26.0,2023.0,Колпинский
104.0,3,10700000,2.0,12.0,2026.0,Курортный
114.0,1,11799200,4.0,13.0,2026.0,Кронштадтский
75.3,2,7800000,7.0,5.0,2024.0,Колпинский
75.3,1,7801715,8.0,12.0,2022.0,Колпинский
55.5,2,5770000,5.0,12.0,2025.0,Пушкинский
82.1,2,8579154,1.0,17.0,2028.0,Пушкинский
65.4,3,6880000,2.0,14.0,,Кронштадтский
57.0,2,5999000,11.0,11.0,2017.0,Кронштадтский
68.4,3,7200000,10.0,7.0,2025.0,Кронштадтский
89.4,1,9416869,2.0,16.0,2027.0,Кронштадтский
73.6,1,7800000,2.0,12.0,2027.0,Курортный
61.3,3,6600229,3.0,13.0,2024.0,Кронштадтский
50.4,1,5446000,22.0,9.0,2024.0,Кронштадтский
79.4,1,8599999,3.0,4.0,2024.0,Колпинский
88.9,1,9671709,3.0,12.0,2026.0,Курортный
60.0,1,6546000,6.0,12.0,2026.0,Колпинский
62.2,1,6800000,8.0,8.0,2026.0,Пушкинский
59.1,1,6546000,11.0,11.0,2023.0,Курортный
99.0,2,10990538,3.0,25.0,2028.0,Колпинский
69.9,2,7800000,14.0,25.0,2028.0,Курортный
73.3,2,8200000,12.0,9.0,2026.0,Колпинский
150.8,2,16975000,5.0,9.0,2026.0,Колпинский
97.2,3,10953520,3.0,4.0,2025.0,Пушкинский
107.0,3,12214400,11.0,3.0,2025.0,Курортный
63.0,4,7200000,9.0,19.0,2026.0,Пушкинский
58.4,1,6675195,6.0,10.0,2021.0,Кронштадтский
89.4,4,10241121,9.0,3.0,2028.0,Курортный
56.5,3,6500000,18.0,25.0,2024.0,Пушкинский
49.0,2,5662425,4.0,16.0,2029.0,Кронштадтский
177.8,1,20650432,6.0,11.0,2025.0,Пушкинский
97.0,1,11269020,20.0,9.0,2024.0,Пушкинский
80.1,2,9325580,5.0,6.0,2026.0,Пушкинский
140.0,2,16300000,5.0,10.0,2025.0,Курортный
53.9,1,6300000,15.0,18.0,2020.0,Колпинский
90.2,1,10576469,7.0,9.0,2022.0,Пушкинский
48.6,1,5700000,1.0,12.0,2026.0,Пушкинский
54.2,3,6357000,13.0,4.0,2024.0,Курортный
80.9,2,9500000,4.0,18.0,2025.0,Пушкинский
73.2,3,8600000,9.0,9.0,2026.0,Пушкинский
46.8,1,5500000,7.0,10.0,2024.0,Кронштадтский
91.0,3,10700000,8.0,24.0,2024.0,Пушкинский
126.0,3,14850000,1.0,4.0,,Колпинский
39.0,1,4601009,6.0,9.0,2024.0,Кронштадтский
71.4,1,8462200,5.0,9.0,2027.0,Колпинский
107.0,1,12706079,4.0,15.0,2025.0,Колпинский
42.2,1,5017600,3.0,4.0,2025.0,Кронштадтский
66.4,2,7900000,5.0,13.0,2022.0,Кронштадтский
78.9,3,9416869,8.0,5.0,2026.0,Колпинский
57.7,5,6900000,3.0,6.0,2026.0,Колпинский
64.6,5,7801715,5.0,5.0,2023.0,Пушкинский
86.2,1,10469068,3.0,9.0,2023.0,Пушкинский
39.0,1,4766420,7.0,16.0,2024.0,Пушкинский
90.0,2,11000000,11.0,25.0,2022.0,Кронштадтский
63.8,1,7800000,1.0,24.0,2026.0,Кронштадтский
42.5,1,5200000,6.0,12.0,,Курортный
62.4,2,7644014,1.0,12.0,2026.0,Кронштадтский
50.8,1,6240160,10.0,11.0,2024.0,Пушкинский
97.3,3,11969573,2.0,9.0,2022.0,Кронштадтский
50.7,1,6240160,2.0,4.0,2027.0,Колпинский
89.9,3,11127333,7.0,7.0,2028.0,Кронштадтский
63.7,1,7885800,2.0,17.0,2027.0,Курортный
43.9,2,5450000,1.0,5.0,,Курортный
65.4,2,8200000,6.0,4.0,2027.0,Колпинский
139.8,5,17613548,16.0,24.0,2026.0,Пушкинский
57.1,1,7200000,8.0,5.0,2025.0,Пушкинский
47.3,2,5990000,3.0,9.0,,Курортный
41.5,1,5292400,6.0,9.0,2022.0,Пушкинский
80.1,3,10241121,3.0,5.0,2029.0,Пушкинский
63.9,1,8200000,1.0,25.0,2027.0,Кронштадтский
56.1,3,7200000,3.0,15.0,2021.0,Кронштадтский
73.6,4,9490000,1.0,9.0,,Колпинский
75.3,3,9716000,14.0,6.0,2025.0,Пушкинский
59.7,1,7716225,7.0,6.0,2026.0,Пушкинский
56.4,2,7379498,1.0,5.0,2026.0,Кронштадтский
126.0,2,16500000,10.0,16.0,2028.0,Кронштадтский
39.9,1,5229872,6.0,11.0,2025.0,Колпинский
95.3,6,12530450,7.0,16.0,2025.0,Колпинский
57.0,3,7500000,2.0,9.0,2027.0,Пушкинский
27.3,1,3600000,12.0,12.0,2024.0,Колпинский
56.0,2,7393759,7.0,10.0,2025.0,Колпинский
79.0,1,10452277,4.0,25.0,2026.0,Колпинский
53.9,1,7132355,4.0,5.0,2026.0,Курортный
49.0,4,6500000,2.0,5.0,,Кронштадтский
36.0,1,4780000,5.0,12.0,2025.0,Колпинский
71.1,2,9450150,4.0,15.0,2025.0,Колпинский
57.8,2,7700000,2.0,9.0,2025.0,Пушкинский
39.0,2,5200000,2.0,10.0,2027.0,Кронштадтский
53.1,1,7132150,18.0,11.0,2029.0,Пушкинский
66.2,3,8900000,16.0,15.0,2020.0,Колпинский
52.3,2,7050082,4.0,9.0,2025.0,Курортный
44.2,1,5962440,5.0,11.0,2025.0,Кронштадтский
74.1,4,10000000,1.0,9.0,,Кронштадтский
72.1,3,9800000,11.0,8.0,2022.0,Кронштадтский
84.1,1,11506824,1.0,9.0,2020.0,Курортный
95.0,1,13000000,3.0,17.0,2026.0,Кронштадтский
50.4,2,6900000,9.0,25.0,,Курортный
39.0,2,5350000,6.0,5.0,2026.0,Пушкинский
55.9,2,7700000,1.0,6.0,,Курортный
75.3,1,10374207,17.0,9.0,2025.0,Курортный
102.8,2,14192885,3.0,5.0,2027.0,Кронштадтский
77.4,3,10700000,6.0,10.0,2027.0,Пушкинский
159.3,1,22058910,2.0,19.0,2019.0,Кронштадтский
86.6,1,12000000,5.0,12.0,2027.0,Пушкинский
57.7,1,7999999,3.0,23.0,2027.0,Кронштадтский
62.5,3,8700000,5.0,5.0,2023.0,Курортный
53.0,1,7393759,11.0,19.0,2024.0,Колпинский
57.5,2,8034306,7.0,12.0,2027.0,Курортный
55.1,3,7700000,7.0,13.0,2023.0,Курортный
38.9,1,5446000,12.0,17.0,2027.0,Пушкинский
54.6,1,7644014,2.0,6.0,2025.0,Колпинский
47.8,3,6700000,6.0,13.0,2026.0,Пушкинский
170.0,4,23990000,1.0,5.0,2025.0,Курортный
48.8,1,6892698,1.0,23.0,2026.0,Курортный
45.8,2,6470000,6.0,6.0,2024.0,Колпинский
84.9,1,12000000,21.0,17.0,2025.0,Колпинский
60.0,3,8500000,7.0,9.0,,Пушкинский
105.5,4,14991779,1.0,12.0,2025.0,Курортный
47.8,2,6799999,14.0,15.0,,Пушкинский
59.7,1,8500000,3.0,9.0,2024.0,Колпинский
56.0,2,7999000,8.0,9.0,,Колпинский
154.0,3,22000000,4.0,5.0,2025.0,Пушкинский
109.6,1,15670149,4.0,12.0,2026.0,Колпинский
55.9,1,7995000,3.0,5.0,2026.0,Пушкинский
113.9,3,16300000,5.0,5.0,,Кронштадтский
64.3,1,9202103,1.0,10.0,2026.0,Курортный
71.4,2,10241121,2.0,13.0,2025.0,Кронштадтский
44.2,2,6350000,2.0,5.0,,Пушкинский
89.4,1,12850103,5.0,11.0,2024.0,Невский
56.4,2,8115840,9.0,12.0,2027.0,Невский
41.6,3,5990000,11.0,18.0,2025.0,Фрунзенский
60.3,3,8700000,6.0,9.0,,Московский
56.1,3,8100000,4.0,5.0,2021.0,Красносельский
58.4,2,8462200,2.0,12.0,2026.0,Московский
52.2,2,7614000,4.0,8.0,2027.0,Красносельский
47.3,4,6900000,9.0,5.0,2024.0,Фрунзенский
75.3,1,11000000,14.0,9.0,2028.0,Красносельский
60.6,3,8900000,3.0,4.0,2025.0,Калининский
74.5,3,10990538,5.0,5.0,2022.0,Красносельский
66.4,5,9800000,1.0,5.0,,Красносельский
44.0,2,6500000,5.0,5.0,,Выборгский
121.8,5,18000000,4.0,5.0,,Московский
91.1,3,13500000,2.0,3.0,,Фрунзенский
57.9,2,8600000,1.0,4.0,,Фрунзенский
104.0,4,15500000,4.0,4.0,,Калининский
133.5,1,19900000,4.0,13.0,2024.0,Выборгский
191.1,3,28500000,3.0,10.0,2026.0,Калининский
26.7,1,3992549,6.0,10.0,2025.0,Выборгский
36.7,1,5500000,2.0,3.0,2025.0,Красногвардейский
83.4,4,12500000,3.0,9.0,2027.0,Фрунзенский
57.1,3,8559000,4.0,5.0,,Кировский
57.8,2,8670000,4.0,4.0,2025.0,Выборгский
63.6,2,9540000,10.0,11.0,2025.0,Красносельский
99.9,4,14988000,5.0,25.0,,Калининский
58.8,2,8825261,2.0,10.0,2025.0,Красносельский
36.6,1,5499000,7.0,9.0,,Кировский
113.0,1,17000000,4.0,25.0,2025.0,Красносельский
57.1,3,8600000,2.0,5.0,,Московский
39.7,1,6000000,6.0,9.0,,Красногвардейский
52.1,2,7900000,5.0,9.0,2027.0,Фрунзенский
62.5,3,9540000,6.0,4.0,2026.0,Калининский
88.4,3,13525200,10.0,17.0,2026.0,Красносельский
73.2,3,11200000,1.0,9.0,,Московский
70.9,3,10857066,3.0,12.0,2029.0,Красногвардейский
35.9,2,5500000,6.0,4.0,2022.0,Выборгский
38.8,1,5950000,1.0,14.0,,Кировский
51.5,2,7900000,7.0,9.0,,Кировский
46.9,2,7200000,5.0,9.0,,Фрунзенский
78.1,3,11990000,2.0,10.0,2028.0,Калининский
56.4,6,8670000,2.0,6.0,2028.0,Калининский
38.9,3,5996400,1.0,10.0,2026.0,Красногвардейский
97.3,3,14999000,11.0,16.0,,Красногвардейский
36.7,1,5662425,2.0,5.0,2024.0,Фрунзенский
43.4,1,6700000,5.0,7.0,2025.0,Красногвардейский
69.3,2,10700000,9.0,19.0,,Выборгский
36.7,1,5668605,2.0,5.0,2024.0,Красносельский
97.0,2,14999999,14.0,9.0,2027.0,Кировский
151.9,5,23500000,2.0,6.0,,Выборгский
56.0,5,8670000,3.0,5.0,2029.0,Кировский
46.8,1,7257100,6.0,9.0,2026.0,Невский
87.0,2,13500000,7.0,4.0,2025.0,Выборгский
97.6,2,15161995,5.0,7.0,2024.0,Московский
47.6,1,7400000,8.0,16.0,,Фрунзенский
41.8,2,6500000,4.0,5.0,,Невский
63.0,1,9800000,3.0,9.0,2025.0,Калининский
121.5,4,18900000,2.0,6.0,,Красногвардейский
51.3,2,7995000,10.0,12.0,2027.0,Красногвардейский
37.0,1,5770000,5.0,15.0,,Красногвардейский
50.0,2,7800000,2.0,9.0,,Фрунзенский
97.9,3,15300000,2.0,5.0,,Красногвардейский
63.6,1,9944000,17.0,6.0,2027.0,Красногвардейский
64.9,1,10150000,6.0,25.0,2029.0,Красносельский
39.0,1,6107400,11.0,12.0,2025.0,Невский
44.5,2,6970000,5.0,9.0,,Невский
43.4,2,6800000,15.0,17.0,2029.0,Фрунзенский
102.0,4,16000000,4.0,5.0,,Фрунзенский
151.0,3,23694120,2.0,5.0,2022.0,Красногвардейский
33.1,2,5200000,7.0,13.0,,Калининский
62.2,3,9800000,2.0,12.0,2026.0,Фрунзенский
33.0,1,5200000,2.0,7.0,,Кировский
82.1,1,12955272,4.0,12.0,2020.0,Невский
39.9,1,6300000,12.0,5.0,2026.0,Фрунзенский
79.1,3,12500000,2.0,7.0,,Выборгский
58.1,1,9202103,6.0,8.0,2026.0,Выборгский
61.0,2,9671709,1.0,12.0,2024.0,Невский
133.8,4,21246000,2.0,17.0,2027.0,Красносельский
183.7,2,29183420,3.0,7.0,2027.0,Калининский
65.4,1,10439359,4.0,7.0,2026.0,Московский
88.9,3,14192885,1.0,6.0,2023.0,Калининский
55.5,3,8875200,7.0,12.0,2026.0,Фрунзенский
67.5,2,10800000,2.0,19.0,,Калининский
36.0,2,5770000,4.0,12.0,,Выборгский
41.6,1,6675195,3.0,12.0,2027.0,Красносельский
45.7,1,7350000,6.0,14.0,,Кировский
86.8,4,13990000,1.0,9.0,,Фрунзенский
37.2,3,5999000,4.0,9.0,2026.0,Фрунзенский
65.9,5,10700000,1.0,14.0,2029.0,Московский
70.4,3,11450000,4.0,5.0,,Невский
35.0,2,5700000,9.0,8.0,2026.0,Кировский
30.7,1,5017600,4.0,11.0,2028.0,Красногвардейский
79.4,3,12990000,14.0,16.0,,Невский
38.8,1,6357000,4.0,12.0,,Кировский
41.5,2,6800000,2.0,7.0,,Красносельский
52.4,2,8600936,8.0,13.0,2026.0,Фрунзенский
42.0,2,6900000,1.0,5.0,,Калининский
88.1,3,14498400,4.0,8.0,2022.0,Невский
88.1,2,14529042,14.0,16.0,2025.0,Калининский
89.7,1,14800000,6.0,12.0,2024.0,Красносельский
99.9,4,16500000,14.0,20.0,,Московский
51.8,1,8559000,9.0,18.0,2025.0,Фрунзенский
47.2,3,7800000,2.0,9.0,2024.0,Выборгский
79.4,1,13133736,17.0,25.0,2026.0,Фрунзенский
65.2,1,10802880,2.0,12.0,2024.0,Калининский
33.1,4,5500000,5.0,12.0,2029.0,Кировский
64.7,3,10790000,1.0,24.0,2024.0,Выборгский
42.7,3,7132150,2.0,9.0,2025.0,Калининский
61.3,1,10241121,8.0,12.0,2025.0,Невский
51.3,2,8599999,1.0,9.0,,Красносельский
70.3,3,11797000,3.0,16.0,,Калининский
62.5,3,10500000,7.0,9.0,,Калининский
33.9,1,5700000,1.0,10.0,,Невский
32.7,1,5500000,7.0,9.0,,Красносельский
92.1,3,15497000,6.0,8.0,,Красносельский
31.2,1,5250000,12.0,18.0,2023.0,Красногвардейский
71.1,2,12000000,2.0,5.0,,Фрунзенский
65.1,2,10990538,8.0,16.0,2026.0,Кировский
63.9,2,10790000,7.0,8.0,2025.0,Красногвардейский
82.1,3,13889628,6.0,12.0,2027.0,Кировский
32.5,1,5500000,7.0,20.0,,Выборгский
51.5,2,8727000,1.0,9.0,,Фрунзенский
77.4,3,13133736,2.0,25.0,2024.0,Калининский
52.3,3,8875200,4.0,9.0,2019.0,Невский
134.0,1,22750740,6.0,4.0,2026.0,Невский
32.1,1,5450000,2.0,5.0,2024.0,Невский
88.0,1,14942000,6.0,8.0,2026.0,Московский
63.0,2,10700000,6.0,14.0,2021.0,Невский
75.8,3,12900000,21.0,21.0,,Московский
34.0,1,5790000,12.0,13.0,,Кировский
161.0,6,27500000,5.0,5.0,,Выборгский
48.0,2,8200000,7.0,9.0,,Невский
43.9,2,7500000,5.0,9.0,,Фрунзенский
45.6,2,7800000,5.0,5.0,,Кировский
57.7,2,9874063,4.0,5.0,2026.0,Фрунзенский
154.6,5,26500000,4.0,5.0,,Калининский
42.0,2,7200000,4.0,5.0,,Московский
51.8,3,8880320,8.0,9.0,2023.0,Красносельский
81.0,2,13889628,4.0,7.0,2027.0,Московский
56.4,5,9671709,5.0,24.0,2026.0,Кировский
33.9,1,5813511,6.0,12.0,2026.0,Красногвардейский
56.5,2,9716000,16.0,9.0,2026.0,Фрунзенский
43.5,1,7500000,2.0,15.0,,Кировский
100.0,2,17300000,6.0,4.0,2021.0,Невский
34.5,3,5990000,7.0,5.0,2026.0,Фрунзенский
48.2,6,8383875,2.0,13.0,2024.0,Фрунзенский
31.6,1,5500000,1.0,5.0,,Московский
71.4,2,12450000,2.0,26.0,2021.0,Калининский
31.2,4,5499000,6.0,5.0,2024.0,Невский
29.5,1,5200000,12.0,5.0,2023.0,Московский
124.6,3,21995000,2.0,10.0,2025.0,Красногвардейский
101.9,4,17999000,5.0,10.0,2027.0,Красносельский
82.1,3,14548223,4.0,25.0,2022.0,Красносельский
56.1,4,9944000,10.0,12.0,2028.0,Кировский
82.1,3,14554400,2.0,18.0,2027.0,Калининский
90.2,4,16000000,2.0,4.0,,Красносельский
30.4,1,5400000,6.0,25.0,,Кировский
56.5,2,10049889,11.0,12.0,2027.0,Выборгский
64.6,3,11494970,3.0,13.0,2022.0,Невский
67.4,2,11999999,2.0,6.0,,Красносельский
65.7,3,11702635,5.0,24.0,2026.0,Красногвардейский
45.3,2,8100000,5.0,9.0,,Выборгский
60.0,3,10738560,5.0,25.0,2024.0,Кировский
53.1,1,9507310,6.0,9.0,2028.0,Кировский
75.3,2,13525200,2.0,12.0,2024.0,Калининский
57.1,2,10269319,3.0,5.0,2026.0,Выборгский
38.9,1,7000000,2.0,12.0,,Фрунзенский
27.6,1,4968000,6.0,12.0,2023.0,Фрунзенский
28.5,2,5131084,3.0,9.0,2027.0,Красносельский
58.7,1,10576469,2.0,10.0,2023.0,Красносельский
84.9,1,15300000,1.0,9.0,2024.0,Выборгский
41.5,3,7500000,5.0,7.0,2024.0,Московский
48.4,1,8759199,10.0,12.0,2024.0,Фрунзенский
49.0,4,8875200,5.0,13.0,2020.0,Московский
91.0,2,16500000,2.0,17.0,2024.0,Фрунзенский
57.5,2,10439359,6.0,9.0,2026.0,Кировский
49.5,1,8993646,5.0,12.0,2024.0,Московский
113.3,4,20600000,5.0,5.0,,Московский
33.5,1,6100000,6.0,9.0,,Калининский
98.7,2,17983374,2.0,4.0,2024.0,Кировский
43.9,3,8034306,5.0,5.0,2025.0,Красносельский
43.6,2,7999999,1.0,5.0,,Фрунзенский
62.1,3,11418750,1.0,6.0,2023.0,Красносельский
110.4,1,20300000,5.0,4.0,2022.0,Невский
42.4,2,7800000,4.0,5.0,,Московский
34.5,3,6350000,6.0,4.0,2025.0,Выборгский
40.5,1,7455989,14.0,24.0,2026.0,Невский
29.5,1,5449000,8.0,9.0,,Московский
31.4,1,5809000,11.0,12.0,2025.0,Калининский
86.2,3,16000000,5.0,5.0,,Фрунзенский
52.3,2,9710000,17.0,9.0,2025.0,Калининский
105.0,3,19609808,1.0,10.0,2025.0,Невский
109.6,4,20500000,3.0,6.0,,Выборгский
74.8,3,13999999,3.0,12.0,,Красногвардейский
58.7,5,11000000,23.0,9.0,2023.0,Калининский
37.0,1,6944160,16.0,16.0,2025.0,Красногвардейский
95.0,4,17864000,2.0,4.0,2024.0,Невский
34.5,1,6500000,2.0,12.0,,Красногвардейский
39.0,1,7350000,1.0,26.0,,Красногвардейский
46.4,2,8750000,2.0,5.0,,Калининский
185.0,2,34990000,3.0,12.0,2029.0,Красногвардейский
36.7,2,6944160,4.0,15.0,2023.0,Красносельский
62.2,2,11771400,5.0,25.0,2026.0,Московский
121.1,2,22941000,4.0,5.0,2023.0,Калининский
48.2,2,9150000,9.0,12.0,,Фрунзенский
60.6,2,11506824,3.0,12.0,2026.0,Красногвардейский
96.2,1,18300378,5.0,12.0,2028.0,Красносельский
99.0,3,18900000,3.0,10.0,,Калининский
29.3,1,5600000,4.0,9.0,,Московский
65.2,2,12461493,5.0,23.0,2018.0,Красногвардейский
104.0,2,19900000,2.0,4.0,2026.0,Красногвардейский
90.2,3,17300000,22.0,25.0,,Красногвардейский
51.8,4,9944000,3.0,16.0,2027.0,Невский
42.7,1,8202240,8.0,8.0,2026.0,Калининский
97.0,4,18651680,14.0,17.0,2026.0,Выборгский
42.3,2,8140000,3.0,5.0,,Калининский
92.6,3,17864000,6.0,25.0,2021.0,Кировский
88.1,2,17000000,11.0,7.0,2022.0,Московский
40.8,4,7885800,4.0,25.0,2025.0,Фрунзенский
37.2,1,7200000,2.0,13.0,2026.0,Невский
58.2,3,11269020,4.0,12.0,2028.0,Красносельский
33.4,1,6470000,4.0,9.0,,Выборгский
35.0,1,6800000,5.0,5.0,2025.0,Выборгский
42.7,1,8316750,9.0,12.0,2025.0,Фрунзенский
61.0,3,11900000,3.0,4.0,,Невский
26.3,1,5131084,11.0,17.0,2025.0,Московский
66.5,3,12990000,4.0,6.0,,Кировский
44.0,4,8599999,1.0,4.0,2026.0,Калининский
89.7,4,17560500,9.0,6.0,2026.0,Невский
26.0,1,5105528,11.0,13.0,2025.0,Красногвардейский
74.1,2,14554400,12.0,4.0,2028.0,Красносельский
45.8,1,9000000,6.0,6.0,,Невский
30.0,1,5900000,5.0,9.0,,Красносельский
45.7,3,8993646,4.0,4.0,2025.0,Калининский
53.8,2,10600000,4.0,7.0,,Фрунзенский
40.8,1,8039410,2.0,12.0,2026.0,Кировский
51.2,4,10095750,1.0,5.0,2023.0,Красногвардейский
54.4,2,10738560,5.0,21.0,2026.0,Фрунзенский
31.9,1,6300000,14.0,15.0,,Московский
30.3,6,5990000,21.0,4.0,2029.0,Кировский
36.0,1,7132355,5.0,17.0,2025.0,Невский
63.7,3,12638080,18.0,19.0,2026.0,Кировский
26.9,1,5350000,1.0,11.0,,Выборгский
51.5,2,10253650,13.0,16.0,2025.0,Фрунзенский
99.9,2,19896800,3.0,13.0,2028.0,Фрунзенский
101.9,5,20300000,5.0,6.0,,Красногвардейский
36.1,1,7200000,12.0,25.0,,Московский
48.8,2,9740308,15.0,24.0,2028.0,Кировский
65.1,3,13000000,9.0,5.0,2023.0,Московский
80.1,3,16024000,1.0,4.0,2028.0,Невский
54.9,2,10999000,10.0,16.0,,Выборгский
22.9,1,4601009,10.0,11.0,2026.0,Невский
33.7,1,6800000,4.0,9.0,,Красногвардейский
98.1,3,19800000,3.0,4.0,,Калининский
26.2,1,5292400,12.0,13.0,2022.0,Фрунзенский
63.6,2,12850103,1.0,12.0,2026.0,Калининский
48.0,1,9700000,5.0,7.0,2026.0,Кировский
98.7,3,19950000,4.0,6.0,,Красногвардейский
50.2,2,10150000,7.0,9.0,,Кировский
36.3,1,7340625,1.0,4.0,2026.0,Фрунзенский
34.7,1,7018650,1.0,4.0,2026.0,Фрунзенский
42.2,1,8550000,9.0,23.0,2026.0,Выборгский
34.0,3,6892698,3.0,9.0,2029.0,Красногвардейский
47.8,1,9700000,4.0,18.0,2024.0,Выборгский
39.3,1,7999999,5.0,9.0,2025.0,Выборгский
170.9,4,34800000,4.0,4.0,,Фрунзенский
78.0,3,15900000,2.0,6.0,,Красносельский
40.2,1,8200000,6.0,14.0,,Калининский
53.9,2,11000000,3.0,4.0,,Кировский
36.0,1,7379498,1.0,4.0,2026.0,Московский
39.9,3,8200000,4.0,5.0,2024.0,Красногвардейский
34.7,2,7132150,1.0,12.0,2029.0,Выборгский
107.0,3,22000000,2.0,4.0,,Кировский
79.1,3,16300000,2.0,5.0,2027.0,Красносельский
42.2,1,8750000,4.0,21.0,2025.0,Красносельский
24.0,1,4980000,20.0,25.0,,Фрунзенский
109.6,1,22750740,2.0,10.0,2026.0,Фрунзенский
39.5,2,8200000,4.0,12.0,2025.0,Красногвардейский
30.3,1,6300000,3.0,4.0,,Невский
63.0,1,13100000,6.0,12.0,2022.0,Фрунзенский
32.2,1,6700000,5.0,5.0,,Московский
46.5,3,9700000,5.0,11.0,2026.0,Красносельский
95.3,1,19896800,5.0,13.0,2023.0,Красногвардейский
51.2,2,10700000,9.0,18.0,,Выборгский
25.8,1,5400000,10.0,21.0,,Выборгский
47.6,1,10000000,7.0,5.0,2027.0,Выборгский
85.5,2,17983374,22.0,26.0,2025.0,Московский
40.2,3,8462200,1.0,7.0,2022.0,Московский
46.9,1,9874063,20.0,24.0,2023.0,Кировский
35.6,1,7500000,4.0,9.0,,Выборгский
40.8,1,8605000,4.0,10.0,,Кировский
69.0,3,14554400,5.0,9.0,2028.0,Красносельский
89.7,3,18960000,7.0,25.0,,Калининский
48.4,1,10253650,3.0,13.0,2024.0,Фрунзенский
56.1,5,11900000,8.0,24.0,2026.0,Выборгский
83.0,2,17613548,2.0,25.0,2021.0,Калининский
39.5,1,8383875,5.0,26.0,2023.0,Калининский
73.0,2,15500000,10.0,8.0,2023.0,Невский
33.9,6,7200000,10.0,5.0,2023.0,Московский
60.3,3,12850103,26.0,10.0,2026.0,Невский
42.7,1,9100000,2.0,9.0,2029.0,Выборгский
44.1,3,9416869,5.0,6.0,2027.0,Кировский
67.9,4,14500000,9.0,12.0,2027.0,Выборгский
31.2,2,6675195,6.0,4.0,2024.0,Красносельский
24.7,2,5292400,6.0,5.0,2027.0,Красносельский
35.0,1,7500000,10.0,24.0,2019.0,Красногвардейский
96.2,2,20619844,7.0,5.0,2023.0,Выборгский
35.9,2,7716225,1.0,8.0,2025.0,Кировский
31.6,3,6800000,17.0,5.0,2027.0,Московский
35.9,1,7740000,2.0,4.0,2025.0,Выборгский
74.1,1,16000000,14.0,4.0,2026.0,Красногвардейский
55.5,2,11990000,8.0,16.0,,Фрунзенский
81.0,2,17500000,2.0,14.0,2026.0,Калининский
54.6,2,11799200,7.0,13.0,2025.0,Невский
30.5,1,6600229,3.0,4.0,2027.0,Московский
177.8,6,38500000,5.0,5.0,,Фрунзенский
27.6,3,6000000,2.0,13.0,2022.0,Калининский
39.3,2,8550000,11.0,6.0,2021.0,Красногвардейский
33.9,1,7379498,1.0,12.0,2028.0,Красногвардейский
73.5,3,16000000,2.0,5.0,,Фрунзенский
57.7,2,12584370,18.0,25.0,2025.0,Калининский
54.8,2,11961605,5.0,5.0,2027.0,Кировский
24.5,4,5350000,7.0,20.0,2028.0,Выборгский
41.8,2,9150000,12.0,5.0,2025.0,Кировский
47.8,3,10469068,7.0,6.0,2027.0,Красносельский
75.0,2,16436152,2.0,15.0,2026.0,Невский
32.1,2,7050082,2.0,6.0,2027.0,Фрунзенский
58.7,4,12900000,3.0,12.0,2025.0,Красногвардейский
122.8,3,27000000,2.0,5.0,,Фрунзенский
86.7,2,19066016,6.0,6.0,2027.0,Кировский
55.5,2,12214400,4.0,4.0,2028.0,Фрунзенский
21.7,1,4780000,1.0,5.0,,Выборгский
75.3,3,16600000,2.0,7.0,2026.0,Выборгский
28.5,1,6300000,5.0,16.0,,Фрунзенский
44.1,2,9750000,1.0,6.0,,Кировский
97.2,3,21500000,1.0,3.0,,Калининский
54.5,5,12061210,2.0,20.0,2024.0,Фрунзенский
158.0,3,34990000,5.0,20.0,2026.0,Невский
37.0,1,8200000,6.0,14.0,,Выборгский
56.1,2,12461493,1.0,3.0,2026.0,Фрунзенский
48.5,2,10790000,3.0,8.0,,Калининский
80.9,2,18000000,2.0,14.0,2026.0,Невский
41.8,1,9325580,1.0,3.0,2026.0,Фрунзенский
92.8,3,20725000,3.0,7.0,2029.0,Невский
23.5,1,5250000,5.0,5.0,,Невский
65.1,2,14548223,5.0,13.0,2025.0,Кировский
74.1,2,16569723,12.0,21.0,2026.0,Калининский
79.0,3,17702072,21.0,24.0,2025.0,Выборгский
43.7,1,9800000,4.0,10.0,,Калининский
24.7,1,5550000,9.0,15.0,2025.0,Фрунзенский
57.8,2,12990000,1.0,6.0,2024.0,Выборгский
46.5,1,10452277,9.0,25.0,2024.0,Красногвардейский
64.7,3,14544016,3.0,9.0,2025.0,Кировский
57.7,3,13000000,1.0,5.0,2021.0,Калининский
105.9,1,23990000,7.0,5.0,2026.0,Красносельский
64.2,2,14544016,4.0,17.0,2026.0,Кировский
55.6,2,12600000,2.0,5.0,,Выборгский
55.1,2,12500000,5.0,5.0,,Московский
42.2,3,9600000,3.0,6.0,,Кировский
37.7,1,8579154,9.0,11.0,2021.0,Московский
36.0,3,8200000,2.0,11.0,2025.0,Невский
90.0,3,20508834,3.0,25.0,2026.0,Невский
86.7,4,19763264,1.0,3.0,2026.0,Фрунзенский
26.3,1,5996400,4.0,4.0,2026.0,Красносельский
91.0,3,20840000,2.0,4.0,,Кировский
22.7,3,5200000,8.0,6.0,2020.0,Фрунзенский
62.4,2,14300000,22.0,22.0,,Невский
31.2,1,7150000,2.0,5.0,,Красносельский
52.2,2,12000000,4.0,16.0,,Красносельский
63.3,3,14554400,2.0,25.0,2027.0,Калининский
65.2,3,14991779,6.0,25.0,2027.0,Московский
145.6,3,33500000,4.0,5.0,,Кировский
86.7,1,19950000,4.0,11.0,2026.0,Кировский
72.1,4,16600000,2.0,5.0,,Красносельский
73.3,4,16900000,2.0,9.0,,Красногвардейский
101.9,1,23500000,8.0,15.0,2028.0,Фрунзенский
110.8,2,25594800,2.0,12.0,2021.0,Выборгский
24.0,1,5550000,11.0,13.0,,Выборгский
30.7,1,7100000,7.0,9.0,,Невский
46.5,1,10770901,8.0,13.0,2024.0,Кировский
88.4,1,20508834,9.0,13.0,2025.0,Калининский
59.7,2,13889628,2.0,12.0,2025.0,Кировский
53.6,2,12499999,5.0,5.0,,Выборгский
66.9,3,15670149,4.0,6.0,2027.0,Выборгский
32.5,3,7614000,4.0,10.0,2024.0,Кировский
64.7,2,15161995,21.0,23.0,,Московский
45.7,3,10738560,6.0,4.0,2021.0,Невский
105.5,3,24792500,7.0,18.0,2023.0,Невский
127.2,1,30000000,11.0,7.0,2025.0,Красногвардейский
50.0,1,11799200,4.0,3.0,2025.0,Калининский
97.2,1,22941000,13.0,12.0,2024.0,Выборгский
40.2,1,9507310,5.0,7.0,2025.0,Невский
48.6,1,11494970,12.0,23.0,,Невский
25.3,1,5990000,7.0,25.0,,Московский
86.4,2,20500000,7.0,7.0,2026.0,Невский
54.5,2,12955272,20.0,23.0,2026.0,Красногвардейский
81.8,3,19512000,14.0,24.0,2026.0,Выборгский
29.5,3,7050082,17.0,14.0,2023.0,Кировский
83.9,4,20096790,22.0,4.0,2028.0,Невский
22.9,3,5499000,4.0,7.0,2026.0,Кировский
85.5,1,20550048,21.0,12.0,2024.0,Кировский
56.0,1,13500000,2.0,13.0,2027.0,Красногвардейский
38.2,2,9215750,1.0,7.0,2024.0,Невский
39.0,1,9416869,10.0,5.0,2026.0,Калининский
33.7,1,8140000,6.0,5.0,2025.0,Фрунзенский
117.9,3,28500000,9.0,24.0,2023.0,Фрунзенский
27.7,3,6700000,2.0,10.0,2024.0,Московский
74.1,3,17999000,4.0,7.0,,Красногвардейский
35.9,3,8727000,18.0,7.0,2019.0,Московский
48.5,1,11799200,3.0,9.0,2029.0,Выборгский
39.9,1,9710000,7.0,16.0,,Кировский
29.3,1,7132355,2.0,26.0,2029.0,Красногвардейский
65.7,3,16000000,3.0,6.0,,Красносельский
34.7,1,8462200,4.0,7.0,2022.0,Красногвардейский
78.1,3,19066016,16.0,18.0,2024.0,Московский
89.9,2,21950000,11.0,12.0,,Московский
110.0,3,26900000,12.0,25.0,,Фрунзенский
65.3,3,16000000,10.0,25.0,2022.0,Невский
92.8,2,22750740,10.0,12.0,2026.0,Выборгский
31.4,1,7699999,2.0,26.0,,Кировский
105.9,3,26000000,2.0,7.0,,Невский
60.6,2,14900000,2.0,4.0,,Фрунзенский
64.4,4,15840000,3.0,12.0,2026.0,Фрунзенский
70.3,3,17300000,20.0,6.0,2023.0,Фрунзенский
104.0,4,25600000,5.0,13.0,2029.0,Выборгский
150.0,4,36950000,4.0,5.0,,Красногвардейский
39.2,1,9671709,1.0,13.0,2023.0,Кировский
58.8,3,14548223,6.0,12.0,2026.0,Невский
104.0,3,25900000,3.0,5.0,,Красногвардейский
86.2,3,21500000,7.0,5.0,2026.0,Красногвардейский
49.0,1,12231000,3.0,11.0,2024.0,Выборгский
100.0,3,25000000,2.0,5.0,,Кировский
51.8,3,13000000,6.0,6.0,,Красносельский
26.8,1,6738192,1.0,4.0,2026.0,Кировский
41.2,1,10374207,3.0,4.0,2026.0,Калининский
52.0,2,13100000,16.0,16.0,,Фрунзенский
43.6,1,10990538,5.0,7.0,2026.0,Фрунзенский
25.9,1,6531840,7.0,18.0,2027.0,Калининский
90.0,2,22700000,4.0,14.0,2026.0,Фрунзенский
81.0,3,20500000,4.0,5.0,,Калининский
24.1,1,6100095,3.0,5.0,2025.0,Невский
33.9,3,8600000,22.0,9.0,2021.0,Красногвардейский
83.9,2,21316600,2.0,7.0,2024.0,Красносельский
69.0,3,17560500,3.0,21.0,2027.0,Красносельский
72.6,2,18500000,5.0,13.0,,Кировский
146.8,3,37434000,4.0,6.0,,Кировский
27.2,1,6936000,12.0,25.0,2026.0,Московский
74.1,2,18900000,10.0,5.0,2022.0,Московский
192.0,6,49000000,2.0,5.0,,Московский
38.0,1,9700000,17.0,18.0,,Выборгский
23.5,3,5999000,12.0,13.0,2028.0,Московский
33.9,4,8673942,5.0,24.0,2028.0,Кировский
34.0,1,8709908,3.0,7.0,2027.0,Красносельский
73.6,2,18900000,4.0,22.0,2026.0,Выборгский
117.9,4,30286724,15.0,25.0,2024.0,Калининский
60.3,6,15500000,23.0,9.0,2024.0,Невский
63.0,1,16202700,6.0,6.0,2025.0,Московский
145.0,4,37497000,3.0,7.0,,Калининский
56.0,2,14500000,13.0,14.0,,Красногвардейский
121.1,3,31395176,10.0,12.0,2023.0,Красногвардейский
63.9,2,16569723,9.0,17.0,2027.0,Калининский
79.5,3,20619844,10.0,12.0,2025.0,Московский
24.5,1,6357000,15.0,24.0,2026.0,Невский
87.4,3,22700000,5.0,6.0,,Выборгский
54.6,4,14192885,5.0,4.0,2027.0,Выборгский
65.3,2,16975000,5.0,7.0,2025.0,Фрунзенский
59.6,2,15500000,9.0,19.0,,Кировский
30.3,1,7885800,7.0,24.0,2026.0,Кировский
68.8,1,17907690,4.0,6.0,2026.0,Невский
34.9,1,9100157,4.0,4.0,2026.0,Фрунзенский
29.9,4,7800000,6.0,5.0,2026.0,Выборгский
106.3,3,27759760,12.0,12.0,2021.0,Калининский
160.0,3,41799000,2.0,4.0,,Кировский
41.3,1,10793771,16.0,17.0,2025.0,Красногвардейский
44.0,1,11506824,5.0,9.0,2017.0,Красносельский
26.3,1,6880000,1.0,12.0,2020.0,Кировский
40.1,1,10500000,2.0,5.0,2023.0,Красносельский
43.5,1,11418750,2.0,5.0,2024.0,Кировский
63.0,3,16569723,4.0,5.0,2023.0,Выборгский
57.0,3,14999000,2.0,5.0,2028.0,Невский
54.2,2,14300000,5.0,5.0,,Выборгский
38.8,1,10241121,3.0,4.0,2024.0,Калининский
56.8,3,14999999,6.0,9.0,,Выборгский
36.0,1,9507310,7.0,13.0,2021.0,Кировский
46.3,1,12231000,9.0,13.0,,Московский
185.4,5,49000000,16.0,16.0,,Красносельский
24.5,1,6500000,2.0,10.0,2025.0,Калининский
92.6,4,24627564,2.0,25.0,2027.0,Красносельский
34.1,2,9100000,4.0,5.0,,Фрунзенский
33.0,1,8825261,20.0,4.0,2025.0,Кировский
43.0,1,11500000,4.0,6.0,,Московский
32.6,1,8727000,10.0,5.0,2029.0,Невский
29.4,1,7900000,4.0,11.0,2024.0,Фрунзенский
46.5,2,12500000,3.0,18.0,2026.0,Фрунзенский
70.0,3,18890000,4.0,5.0,,Фрунзенский
100.0,1,27000000,7.0,9.0,2029.0,Красногвардейский
111.0,2,30000000,3.0,8.0,2026.0,Калининский
73.0,2,19763264,11.0,6.0,2018.0,Московский
36.7,1,9944000,3.0,7.0,2025.0,Красносельский
79.8,2,21626000,11.0,11.0,,Московский
166.0,4,45000000,5.0,5.0,,Красносельский
138.0,1,37434000,11.0,16.0,2026.0,Калининский
57.1,4,15500000,3.0,12.0,2026.0,Фрунзенский
32.5,1,8825261,6.0,4.0,2028.0,Красносельский
63.6,3,17300000,7.0,12.0,2023.0,Московский
76.8,5,21000000,1.0,5.0,,Кировский
104.6,4,28750000,7.0,7.0,,Московский
85.3,3,23500000,4.0,12.0,2026.0,Невский
57.8,2,15999999,4.0,4.0,,Невский
37.0,1,10262700,4.0,22.0,2024.0,Красногвардейский
29.9,2,8316750,9.0,5.0,2029.0,Красносельский
42.3,4,11771400,2.0,17.0,2029.0,Калининский
25.5,2,7100000,6.0,5.0,2027.0,Выборгский
73.3,2,20440800,11.0,25.0,2026.0,Калининский
64.3,2,17990000,11.0,17.0,,Московский
37.4,1,10469068,11.0,15.0,2026.0,Красносельский
99.0,2,27759760,1.0,8.0,2026.0,Калининский
63.3,2,17782000,2.0,12.0,2025.0,Калининский
102.8,2,28898876,2.0,10.0,2026.0,Калининский
32.7,3,9202103,15.0,15.0,2025.0,Фрунзенский
34.5,1,9716000,3.0,7.0,2025.0,Красногвардейский
57.1,2,16150070,11.0,12.0,2026.0,Кировский
88.0,2,24900000,2.0,6.0,2024.0,Кировский
29.9,1,8470000,5.0,6.0,,Фрунзенский
37.2,1,10576469,15.0,15.0,2025.0,Кировский
87.0,3,24800000,4.0,5.0,,Калининский
63.0,1,17983374,12.0,10.0,2026.0,Фрунзенский
144.7,2,41340000,4.0,9.0,2024.0,Фрунзенский
97.0,3,27759760,1.0,4.0,2022.0,Кировский
55.9,1,16000000,2.0,5.0,2027.0,Калининский
101.9,3,29253452,2.0,4.0,2023.0,Кировский
64.0,2,18400000,17.0,17.0,,Выборгский
63.8,2,18435706,3.0,13.0,2029.0,Калининский
37.0,1,10700000,2.0,15.0,2024.0,Выборгский
44.0,3,12733760,5.0,7.0,2027.0,Красносельский
71.0,1,20550048,3.0,5.0,2024.0,Красносельский
34.5,1,10000000,6.0,24.0,2026.0,Московский
24.6,3,7132150,10.0,16.0,2025.0,Выборгский
138.5,4,40170800,14.0,23.0,2024.0,Кировский
37.2,1,10802880,1.0,14.0,2022.0,Выборгский
31.6,2,9200000,4.0,19.0,2028.0,Красногвардейский
24.1,1,7050082,12.0,12.0,2027.0,Красногвардейский
71.0,2,20808936,6.0,24.0,2024.0,Калининский
57.9,1,17000158,5.0,7.0,2027.0,Московский
70.3,2,20650432,10.0,16.0,2028.0,Красногвардейский
70.3,4,20650432,3.0,12.0,2027.0,Московский
29.5,2,8673942,9.0,14.0,2020.0,Невский
88.0,3,25900000,2.0,5.0,,Невский
51.5,3,15161995,5.0,4.0,2026.0,Выборгский
42.7,3,12584370,22.0,24.0,2026.0,Выборгский
74.7,3,22058910,2.0,4.0,2028.0,Невский
65.4,2,19320000,3.0,9.0,2026.0,Фрунзенский
52.3,1,15497000,6.0,6.0,2028.0,Московский
77.4,2,22941000,1.0,4.0,2025.0,Московский
99.9,3,29700360,2.0,25.0,2023.0,Московский
25.9,1,7716225,26.0,26.0,2023.0,Кировский
34.4,1,10269319,9.0,23.0,2028.0,Выборгский
34.0,2,10150000,5.0,4.0,2025.0,Кировский
83.4,3,24999000,17.0,24.0,2020.0,Красносельский
86.7,3,26000000,4.0,26.0,2026.0,Калининский
64.4,2,19320000,13.0,23.0,2025.0,Калининский
118.9,3,35670000,3.0,10.0,2025.0,Московский
40.2,2,12061210,4.0,16.0,2025.0,Фрунзенский
29.9,1,8991000,9.0,10.0,2022.0,Красногвардейский
80.1,3,24100000,5.0,6.0,,Невский
51.5,1,15500000,4.0,4.0,2023.0,Кировский
41.5,2,12500000,15.0,6.0,2028.0,Выборгский
24.9,1,7500000,12.0,12.0,2028.0,Красногвардейский
41.8,1,12600000,2.0,5.0,2026.0,Красносельский
68.8,3,20808936,9.0,22.0,2025.0,Красносельский
47.6,2,14400000,4.0,4.0,,Невский
66.8,2,20218256,8.0,12.0,2022.0,Калининский
24.9,1,7550024,2.0,15.0,2026.0,Красносельский
22.9,2,6944160,4.0,13.0,2023.0,Красносельский
79.1,1,23990000,4.0,6.0,2026.0,Калининский
81.0,3,24607800,2.0,12.0,2025.0,Невский
47.8,1,14529042,10.0,13.0,2025.0,Выборгский
85.3,3,26000000,8.0,12.0,,Фрунзенский
88.5,3,27000000,3.0,5.0,,Красногвардейский
60.6,1,18500000,7.0,9.0,2024.0,Красносельский
27.7,2,8462200,7.0,13.0,2024.0,Калининский
22.5,1,6892698,12.0,26.0,2024.0,Невский
92.8,2,28506716,1.0,4.0,2024.0,Калининский
34.0,2,10452277,6.0,6.0,2024.0,Кировский
35.6,4,10953520,6.0,5.0,2027.0,Красногвардейский
111.0,4,34200000,3.0,5.0,,Московский
92.5,3,28506716,9.0,12.0,2022.0,Невский
84.9,3,26194112,1.0,10.0,2024.0,Московский
66.9,2,20650432,10.0,17.0,2028.0,Невский
25.9,3,7995000,7.0,5.0,2025.0,Красносельский
64.4,3,19896800,5.0,10.0,2026.0,Московский
133.8,1,41340000,4.0,22.0,2027.0,Красногвардейский
58.2,1,17990000,4.0,12.0,2022.0,Кировский
87.0,3,26900000,10.0,17.0,,Калининский
38.8,3,12000000,7.0,5.0,2024.0,Московский
85.3,3,26383756,4.0,17.0,2026.0,Кировский
64.2,1,19896800,17.0,11.0,2026.0,Красногвардейский
63.9,1,19900000,12.0,6.0,2027.0,Кировский
40.7,1,12733760,17.0,23.0,2027.0,Невский
34.5,2,10802880,4.0,6.0,2026.0,Кировский
36.7,1,11494970,6.0,6.0,2027.0,Красногвардейский
60.3,3,18890000,8.0,12.0,2025.0,Калининский
85.0,1,26676030,10.0,15.0,2027.0,Красногвардейский
32.1,1,10095750,6.0,10.0,2026.0,Выборгский
65.2,1,20508834,4.0,9.0,2023.0,Красногвардейский
32.6,1,10262700,5.0,10.0,2026.0,Кировский
24.2,1,7644014,7.0,13.0,2024.0,Красногвардейский
42.7,1,13500000,8.0,7.0,2026.0,Калининский
112.8,1,35673000,2.0,12.0,2027.0,Кировский
24.3,1,7688237,8.0,13.0,2024.0,Невский
63.0,3,19950000,5.0,8.0,2028.0,Невский
24.6,1,7801715,4.0,13.0,2024.0,Красносельский
63.7,2,20218256,12.0,24.0,2025.0,Калининский
52.0,2,16569723,26.0,17.0,2025.0,Выборгский
22.7,1,7241300,2.0,12.0,2028.0,Кировский
46.6,2,14900000,17.0,22.0,,Выборгский
46.8,2,14965155,2.0,16.0,2022.0,Красногвардейский
61.0,4,19512000,23.0,9.0,2021.0,Выборгский
57.0,2,18300378,17.0,16.0,2026.0,Калининский
46.4,3,14900000,9.0,12.0,2025.0,Красносельский
77.5,2,24900000,2.0,4.0,,Красносельский
63.7,1,20500000,12.0,19.0,2024.0,Красногвардейский
26.3,2,8470000,14.0,8.0,2029.0,Фрунзенский
52.3,2,16899000,5.0,5.0,,Выборгский
24.5,1,7917794,8.0,13.0,2024.0,Красносельский
80.1,1,25900000,6.0,10.0,2027.0,Невский
29.1,1,9416869,2.0,13.0,2028.0,Невский
39.0,2,12638080,6.0,19.0,2026.0,Выборгский
31.6,1,10241121,2.0,9.0,2027.0,Невский
55.5,3,18000000,3.0,4.0,2024.0,Центральный
81.0,2,26284540,8.0,13.0,2022.0,Василеостровский
35.4,4,11494970,2.0,5.0,2026.0,Петродворцовый
57.1,2,18550000,4.0,6.0,,Центральный
37.1,1,12061210,12.0,12.0,2028.0,Приморский
92.1,1,29970000,2.0,5.0,2027.0,Адмиралтейский
87.0,3,28500000,3.0,5.0,,Центральный
33.4,1,10953520,8.0,11.0,2023.0,Петроградский
53.1,2,17449796,4.0,16.0,2024.0,Петродворцовый
48.6,1,16000000,17.0,6.0,2025.0,Петродворцовый
96.2,3,31689320,9.0,14.0,2026.0,Центральный
26.1,2,8605000,3.0,6.0,2019.0,Приморский
32.3,2,10700000,5.0,12.0,2023.0,Центральный
62.5,2,20725000,13.0,25.0,2026.0,Центральный
32.5,1,10790000,1.0,23.0,2025.0,Петродворцовый
27.7,1,9200000,4.0,9.0,2024.0,Петроградский
60.3,2,20049750,1.0,13.0,2026.0,Василеостровский
21.2,3,7050082,6.0,5.0,2027.0,Василеостровский
29.9,1,9950034,3.0,12.0,2027.0,Приморский
36.0,2,12000000,6.0,5.0,2021.0,Адмиралтейский
27.6,2,9202103,3.0,8.0,2029.0,Центральный
57.1,3,19066016,2.0,9.0,2021.0,Приморский
56.5,2,18900000,18.0,5.0,2027.0,Василеостровский
21.3,1,7132150,6.0,10.0,2026.0,Петродворцовый
64.9,2,21747726,5.0,9.0,2029.0,Петроградский
53.7,1,18000000,4.0,21.0,2024.0,Адмиралтейский
25.5,1,8550000,3.0,16.0,2024.0,Петродворцовый
50.7,2,17000158,11.0,12.0,2027.0,Адмиралтейский
53.8,1,18062280,2.0,10.0,2022.0,Петроградский
55.1,1,18500000,2.0,17.0,2019.0,Василеостровский
69.9,2,23500000,4.0,9.0,2024.0,Центральный
57.0,2,19174800,4.0,4.0,2028.0,Петроградский
64.6,2,21747726,2.0,10.0,2027.0,Приморский
69.5,5,23500000,7.0,6.0,2025.0,Петроградский
54.7,1,18500000,4.0,6.0,2026.0,Приморский
26.0,1,8800000,13.0,16.0,,Петродворцовый
99.8,3,33900000,5.0,25.0,,Центральный
53.7,2,18300378,4.0,12.0,2026.0,Приморский
36.7,3,12584370,1.0,6.0,2022.0,Петроградский
108.1,3,37260000,2.0,3.0,,Петроградский
86.7,2,29900000,2.0,3.0,2024.0,Петроградский
58.1,2,20096790,9.0,22.0,2027.0,Василеостровский
31.2,1,10800000,6.0,5.0,2024.0,Василеостровский
22.5,2,7801715,3.0,21.0,2024.0,Центральный
86.2,2,29970000,10.0,16.0,2028.0,Адмиралтейский
86.2,2,29970000,7.0,16.0,2028.0,Петродворцовый
84.1,3,29253452,6.0,9.0,2024.0,Василеостровский
73.3,2,25600000,4.0,25.0,,Приморский
26.3,3,9200000,6.0,22.0,2028.0,Приморский
26.3,1,9202103,8.0,13.0,2026.0,Петроградский
45.6,1,16000000,2.0,4.0,2018.0,Адмиралтейский
35.6,2,12500000,5.0,5.0,2023.0,Петродворцовый
85.0,3,29900000,18.0,21.0,,Центральный
30.3,4,10700000,7.0,5.0,2026.0,Адмиралтейский
63.0,2,22396500,2.0,10.0,2023.0,Петроградский
24.2,4,8605000,18.0,6.0,2027.0,Василеостровский
24.2,2,8605000,23.0,9.0,2027.0,Петроградский
35.0,1,12450000,5.0,5.0,,Василеостровский
32.1,1,11418750,7.0,12.0,2025.0,Центральный
81.0,6,28843722,11.0,8.0,2024.0,Василеостровский
56.0,1,19950000,7.0,7.0,2026.0,Приморский
80.9,3,28898876,11.0,13.0,2028.0,Петродворцовый
73.4,3,26284540,10.0,12.0,2025.0,Петроградский
41.6,3,14900000,3.0,24.0,2026.0,Приморский
33.4,1,11999999,2.0,13.0,2024.0,Приморский
133.5,3,48000000,12.0,15.0,,Адмиралтейский
71.0,2,25650000,7.0,17.0,2028.0,Петродворцовый
77.4,2,27963984,3.0,23.0,2025.0,Адмиралтейский
43.8,1,15840000,7.0,8.0,,Петроградский
55.9,4,20218256,4.0,12.0,2025.0,Петроградский
56.1,1,20550048,1.0,3.0,2025.0,Центральный
81.0,1,29700360,5.0,14.0,2024.0,Василеостровский
55.9,2,20550048,7.0,4.0,2028.0,Василеостровский
29.5,3,10857066,2.0,5.0,2026.0,Центральный
95.0,3,34990000,8.0,20.0,2023.0,Центральный
32.7,3,12061210,5.0,6.0,2023.0,Василеостровский
82.1,1,30286724,2.0,11.0,2027.0,Центральный
48.2,3,17782000,2.0,12.0,2023.0,Центральный
36.9,2,13649300,10.0,10.0,2026.0,Центральный
48.6,2,17983374,18.0,23.0,2027.0,Центральный
50.7,2,18800108,7.0,12.0,2028.0,Центральный
66.2,2,24627564,2.0,5.0,2022.0,Адмиралтейский
93.7,3,35000000,1.0,6.0,2018.0,Петроградский
54.7,1,20440800,3.0,26.0,2027.0,Адмиралтейский
42.7,2,16024000,3.0,4.0,2024.0,Приморский
53.0,2,19900000,7.0,7.0,,Петродворцовый
90.2,1,33900000,17.0,20.0,2027.0,Петроградский
92.4,3,34900000,2.0,5.0,,Адмиралтейский
79.4,6,30000000,4.0,13.0,2019.0,Петроградский
42.2,1,16000000,4.0,17.0,2026.0,Василеостровский
25.5,1,9700000,3.0,16.0,2024.0,Петроградский
87.8,3,33399000,14.0,13.0,2027.0,Василеостровский
53.7,2,20440800,4.0,6.0,2019.0,Приморский
73.3,2,27963984,5.0,21.0,2023.0,Приморский
47.2,2,18062280,13.0,23.0,2026.0,Центральный
23.2,1,8880320,4.0,18.0,2023.0,Центральный
21.2,2,8115840,2.0,5.0,2026.0,Петроградский
29.4,1,11269020,4.0,4.0,2027.0,Центральный
88.0,4,33900000,13.0,16.0,2018.0,Адмиралтейский
92.5,2,35670000,1.0,11.0,2025.0,Центральный
75.3,2,29042116,1.0,14.0,2023.0,Петроградский
75.3,2,29042116,1.0,14.0,2019.0,Адмиралтейский
124.6,3,48083140,7.0,9.0,2024.0,Василеостровский
27.7,1,10700000,4.0,9.0,2024.0,Центральный
61.3,2,23694120,5.0,10.0,2024.0,Приморский
35.9,4,13889628,3.0,10.0,2025.0,Приморский
93.0,3,36000000,4.0,9.0,,Петродворцовый
22.5,6,8709908,5.0,5.0,2028.0,Василеостровский
68.4,3,26500000,2.0,5.0,2026.0,Василеостровский
74.7,2,29042116,6.0,7.0,2026.0,Адмиралтейский
24.4,1,9500000,12.0,22.0,2028.0,Петродворцовый
71.4,2,27963984,3.0,9.0,2026.0,Петродворцовый
46.8,1,18400000,8.0,11.0,2027.0,Петродворцовый
56.1,2,22058910,6.0,5.0,2026.0,Петроградский
32.5,1,12800000,10.0,17.0,,Центральный
32.3,1,12750000,3.0,12.0,,Петроградский
23.3,1,9202103,26.0,26.0,2024.0,Петроградский
87.8,3,34756920,6.0,12.0,2027.0,Василеостровский
112.8,4,44698824,7.0,9.0,2027.0,Адмиралтейский
89.7,1,35670000,11.0,4.0,2024.0,Адмиралтейский
83.9,2,33399000,7.0,9.0,,Василеостровский
57.1,1,22750740,2.0,4.0,2025.0,Центральный
97.6,2,38900000,5.0,23.0,,Центральный
35.6,1,14192885,7.0,25.0,2026.0,Петродворцовый
112.8,4,45000000,2.0,6.0,,Василеостровский
95.3,3,38053140,6.0,10.0,2026.0,Приморский
62.1,1,25125660,14.0,20.0,2021.0,Петроградский
51.5,2,20840000,23.0,9.0,2026.0,Центральный
34.9,3,14300000,7.0,5.0,2023.0,Адмиралтейский
62.6,2,25650000,2.0,9.0,2027.0,Петроградский
109.6,1,45000000,11.0,7.0,2029.0,Центральный
62.2,3,25594800,11.0,3.0,2024.0,Петродворцовый
24.3,3,10000000,12.0,9.0,2024.0,Петродворцовый
30.3,2,12500000,2.0,13.0,2024.0,Адмиралтейский
93.7,2,38900000,4.0,10.0,2029.0,Адмиралтейский
57.9,1,24100000,2.0,9.0,2026.0,Петродворцовый
27.6,2,11500000,3.0,13.0,2022.0,Василеостровский
107.0,3,44813080,2.0,9.0,2023.0,Петроградский
103.9,3,43721120,16.0,16.0,2025.0,Адмиралтейский
65.3,2,27567744,22.0,23.0,2027.0,Василеостровский
26.3,1,11127333,5.0,5.0,2024.0,Петродворцовый
24.6,1,10452277,8.0,9.0,2024.0,Василеостровский
97.3,3,41352500,6.0,9.0,2024.0,Петроградский
61.0,1,26000000,2.0,9.0,2028.0,Петроградский
27.6,1,11771400,2.0,9.0,2025.0,Адмиралтейский
90.2,6,38500000,6.0,6.0,2021.0,Петроградский
41.8,1,17864000,4.0,6.0,2023.0,Адмиралтейский
41.8,2,17907690,9.0,15.0,2024.0,Адмиралтейский
35.6,2,15300000,5.0,9.0,2028.0,Адмиралтейский
67.9,2,29183420,12.0,12.0,2027.0,Адмиралтейский
58.7,2,25323796,12.0,12.0,2027.0,Адмиралтейский
21.9,1,9450150,11.0,12.0,2028.0,Приморский
40.8,4,17613548,1.0,9.0,2026.0,Петродворцовый
36.9,2,16000000,6.0,25.0,2028.0,Василеостровский
42.2,4,18300378,1.0,15.0,2026.0,Адмиралтейский
61.3,4,26676030,8.0,9.0,2026.0,Центральный
102.8,2,45000000,3.0,25.0,2024.0,Приморский
88.9,1,39000000,6.0,16.0,2025.0,Петродворцовый
39.8,1,17500000,4.0,9.0,,Василеостровский
34.0,2,14999000,4.0,14.0,2018.0,Петродворцовый
79.5,3,35670000,4.0,26.0,2024.0,Адмиралтейский
33.4,4,15161995,7.0,9.0,2025.0,Центральный
35.0,1,15900000,1.0,10.0,2029.0,Адмиралтейский
43.0,1,19609808,1.0,9.0,2027.0,Центральный
75.0,3,34322264,4.0,9.0,2025.0,Центральный
35.9,1,16436152,2.0,15.0,2024.0,Петродворцовый
84.1,3,38566728,7.0,10.0,2026.0,Адмиралтейский
47.8,1,21950000,2.0,15.0,2027.0,Петродворцовый
44.2,2,20300000,4.0,25.0,2026.0,Петроградский
77.4,3,35594800,3.0,6.0,2029.0,Петродворцовый
86.4,3,39744000,4.0,6.0,2029.0,Центральный
67.5,3,31050000,2.0,6.0,2029.0,Приморский
52.1,3,23990000,1.0,4.0,2024.0,Приморский
32.1,1,14800000,5.0,6.0,2024.0,Адмиралтейский
75.8,3,34990000,5.0,18.0,2028.0,Приморский
68.2,2,31517418,8.0,10.0,2026.0,Петродворцовый
64.2,3,29700360,4.0,18.0,2025.0,Центральный
81.0,1,37497000,2.0,7.0,2022.0,Петродворцовый
73.6,3,34074600,10.0,12.0,2025.0,Приморский
62.2,2,28843722,9.0,10.0,2028.0,Петродворцовый
44.1,1,20500000,6.0,4.0,2028.0,Адмиралтейский
46.5,3,21626000,6.0,9.0,2027.0,Приморский
63.3,1,29447400,5.0,25.0,2024.0,Центральный
62.2,3,29042116,2.0,7.0,2028.0,Центральный
44.0,2,20550048,18.0,18.0,2022.0,Петродворцовый
63.8,4,29900000,10.0,18.0,2023.0,Петродворцовый
95.0,3,44813080,12.0,5.0,2026.0,Приморский
39.3,2,18550000,18.0,24.0,2024.0,Василеостровский
55.5,2,26284540,2.0,17.0,2022.0,Приморский
63.0,2,29900000,2.0,4.0,,Адмиралтейский
63.7,2,30248000,4.0,4.0,2026.0,Центральный
62.2,2,29554500,4.0,4.0,2026.0,Центральный
96.2,3,45800500,6.0,6.0,2026.0,Петродворцовый
26.1,1,12530450,4.0,8.0,2026.0,Центральный
76.8,2,36950000,2.0,7.0,2027.0,Петродворцовый
38.9,3,18890000,9.0,9.0,2022.0,Петродворцовый
38.9,2,18900000,4.0,25.0,2024.0,Василеостровский
34.7,3,16899000,3.0,10.0,2026.0,Василеостровский
38.8,2,18900000,2.0,5.0,2024.0,Центральный
22.5,1,11000000,11.0,26.0,2023.0,Петродворцовый
69.5,2,34074600,4.0,6.0,2029.0,Центральный
35.6,5,17500000,8.0,4.0,2026.0,Приморский
26.1,3,12850103,1.0,14.0,2027.0,Адмиралтейский
69.0,4,34074600,1.0,11.0,2023.0,Центральный
29.3,6,14544016,8.0,12.0,2028.0,Адмиралтейский
88.9,1,44170600,1.0,6.0,2025.0,Центральный
98.1,2,49000000,3.0,13.0,2025.0,Приморский
62.2,2,31080000,2.0,6.0,2029.0,Петроградский
89.4,3,44690000,4.0,6.0,2029.0,Василеостровский
44.1,2,22058910,4.0,10.0,2025.0,Центральный
40.1,1,20440800,3.0,6.0,2029.0,Центральный
40.5,1,20650432,5.0,5.0,2026.0,Василеостровский
57.7,2,29447400,1.0,6.0,2029.0,Адмиралтейский
29.3,1,14965155,14.0,6.0,2024.0,Центральный
43.0,3,21995000,2.0,6.0,2025.0,Центральный
73.3,1,37497000,5.0,6.0,2026.0,Василеостровский
73.0,2,37709780,4.0,9.0,2025.0,Адмиралтейский
65.9,2,34074600,10.0,9.0,2029.0,Василеостровский
60.6,3,31395176,3.0,5.0,2029.0,Центральный
65.2,3,33814800,3.0,5.0,2028.0,Адмиралтейский
68.7,2,35670000,3.0,16.0,2025.0,Василеостровский
56.8,4,29554500,5.0,17.0,2027.0,Василеостровский
86.4,1,45000000,9.0,9.0,2023.0,Приморский
60.3,3,31432300,6.0,9.0,2025.0,Адмиралтейский
39.8,3,20840000,1.0,16.0,2020.0,Петродворцовый
64.9,2,34074600,10.0,16.0,2026.0,Адмиралтейский
88.9,3,46900000,18.0,19.0,2024.0,Василеостровский
37.1,1,19609808,4.0,6.0,2027.0,Приморский
34.0,2,17999000,7.0,4.0,2024.0,Петродворцовый
43.4,1,22997660,8.0,11.0,2027.0,Василеостровский
41.5,1,21995000,2.0,6.0,2029.0,Адмиралтейский
40.2,1,21316600,1.0,6.0,2029.0,Центральный
83.4,3,45000000,11.0,6.0,2028.0,Адмиралтейский
81.0,2,43721120,16.0,7.0,2025.0,Петроградский
62.6,2,33814800,4.0,6.0,2029.0,Центральный
64.7,3,35000000,4.0,4.0,2025.0,Адмиралтейский
49.0,1,26676030,6.0,9.0,2024.0,Петродворцовый
54.8,4,29900000,6.0,16.0,2026.0,Петродворцовый
46.9,1,25594800,10.0,5.0,2025.0,Василеостровский
52.2,1,28506716,11.0,6.0,2023.0,Адмиралтейский
46.0,1,25133012,7.0,10.0,2027.0,Василеостровский
54.7,2,30000000,7.0,7.0,2021.0,Приморский
64.9,1,35673000,2.0,11.0,2026.0,Василеостровский
42.7,1,23500000,18.0,13.0,2024.0,Василеостровский
26.3,1,14500000,9.0,9.0,2024.0,Петродворцовый
40.5,1,22599000,9.0,11.0,2027.0,Центральный
44.0,1,24627564,4.0,10.0,2027.0,Василеостровский
53.0,2,29700360,7.0,10.0,2024.0,Петроградский
45.6,1,25650000,4.0,20.0,2025.0,Петродворцовый
55.1,1,31080000,3.0,25.0,2027.0,Приморский
26.3,2,14900000,11.0,3.0,2029.0,Петродворцовый
60.3,1,34200000,3.0,15.0,2027.0,Василеостровский
44.0,4,25000000,4.0,12.0,2025.0,Приморский
86.2,3,49000000,4.0,4.0,2020.0,Приморский
32.3,1,18435706,4.0,10.0,2024.0,Петродворцовый
24.5,2,13999999,14.0,4.0,2027.0,Адмиралтейский
41.8,1,23990000,2.0,23.0,2029.0,Адмиралтейский
26.0,2,14942000,4.0,6.0,2027.0,Василеостровский
34.5,3,19950000,1.0,15.0,2025.0,Петродворцовый
34.0,1,19896800,10.0,10.0,2023.0,Василеостровский
35.0,2,20500000,12.0,3.0,2026.0,Адмиралтейский
22.4,1,13133736,9.0,12.0,2024.0,Василеостровский
57.7,2,33900000,8.0,10.0,2025.0,Адмиралтейский
48.6,2,28750000,2.0,4.0,2024.0,Адмиралтейский
40.5,2,23990000,1.0,25.0,2025.0,Василеостровский
41.8,1,25000000,4.0,19.0,2024.0,Петроградский
35.4,1,21246000,3.0,6.0,,Петродворцовый
52.3,2,31432300,3.0,9.0,2027.0,Адмиралтейский
33.9,3,20500000,26.0,6.0,2024.0,Василеостровский
37.0,3,22396500,3.0,9.0,2022.0,Адмиралтейский
62.4,1,38053140,4.0,19.0,2026.0,Петроградский
24.3,1,14850000,5.0,15.0,2019.0,Петродворцовый
57.1,3,34900000,1.0,12.0,2029.0,Приморский
44.0,5,26900000,4.0,10.0,2025.0,Приморский
48.5,1,29700360,4.0,8.0,2026.0,Центральный
38.2,1,23500000,3.0,4.0,2026.0,Адмиралтейский
43.5,1,26900000,3.0,17.0,2029.0,Адмиралтейский
24.1,1,14942000,7.0,9.0,2022.0,Петродворцовый
50.4,3,31395176,10.0,25.0,2024.0,Петродворцовый
44.2,6,27567744,2.0,5.0,2022.0,Василеостровский
57.1,2,35670000,1.0,16.0,2025.0,Центральный
26.2,1,16436152,5.0,9.0,2026.0,Центральный
24.7,1,15670149,10.0,12.0,2024.0,Приморский
53.7,2,34322264,6.0,12.0,2026.0,Адмиралтейский
45.6,3,29183420,23.0,24.0,2022.0,Петроградский
46.0,3,29554500,9.0,5.0,2026.0,Василеостровский
26.2,1,17000000,6.0,12.0,2026.0,Адмиралтейский
41.6,3,27000000,9.0,12.0,2026.0,Петродворцовый
25.8,2,16900000,6.0,24.0,2026.0,Адмиралтейский
39.3,1,25820100,8.0,8.0,2023.0,Адмиралтейский
74.4,2,49445776,2.0,4.0,2028.0,Василеостровский
61.3,2,41077700,6.0,6.0,2029.0,Адмиралтейский
66.8,1,44813080,3.0,9.0,2027.0,Адмиралтейский
46.8,3,31432300,11.0,9.0,2025.0,Петроградский
46.8,3,31432300,7.0,16.0,2026.0,Центральный
40.2,2,27000000,2.0,6.0,2024.0,Приморский
53.1,2,36000000,2.0,7.0,2025.0,Петродворцовый
56.2,2,38743500,6.0,6.0,2029.0,Василеостровский
34.0,3,23500000,6.0,16.0,2027.0,Петроградский
27.3,2,18900000,4.0,6.0,2029.0,Петродворцовый
29.5,6,20440800,4.0,25.0,2024.0,Василеостровский
65.9,2,45800500,8.0,10.0,2028.0,Центральный
68.4,6,47848500,3.0,6.0,2025.0,Петродворцовый
25.3,1,17702072,5.0,4.0,2024.0,Центральный
42.7,4,29900000,11.0,5.0,2023.0,Петроградский
42.2,4,30000000,7.0,25.0,2028.0,Центральный
54.6,1,38900000,1.0,16.0,2024.0,Василеостровский
62.5,5,45000000,7.0,18.0,2029.0,Петродворцовый
62.4,3,45000000,7.0,25.0,2024.0,Приморский
37.0,1,26900000,4.0,5.0,2029.0,Центральный
42.7,3,31395176,5.0,23.0,2025.0,Петродворцовый
59.7,1,44170600,3.0,9.0,2023.0,Приморский
24.7,3,18400000,7.0,5.0,2026.0,Центральный
21.2,1,16202700,6.0,7.0,2029.0,Адмиралтейский
61.0,3,48000000,3.0,15.0,2024.0,Приморский
26.0,1,20508834,3.0,9.0,2029.0,Петродворцовый
28.5,2,22599000,11.0,5.0,2026.0,Приморский
34.0,1,27000000,7.0,18.0,2028.0,Приморский
55.8,1,45000000,7.0,12.0,2025.0,Приморский
42.5,3,34322264,3.0,12.0,2025.0,Василеостровский
33.0,2,26676030,2.0,5.0,2023.0,Василеостровский
41.8,6,34322264,3.0,12.0,2026.0,Василеостровский
46.9,3,38566728,4.0,9.0,2028.0,Адмиралтейский
23.3,3,19174800,13.0,9.0,2022.0,Приморский
54.4,2,44813080,16.0,18.0,2023.0,Петродворцовый
42.2,1,34800000,12.0,9.0,2028.0,Василеостровский
24.1,1,19900000,3.0,5.0,2029.0,Петроградский
46.9,2,39000000,6.0,7.0,2026.0,Петродворцовый
36.9,1,31080000,7.0,4.0,2025.0,Центральный
24.1,2,20300000,4.0,9.0,2023.0,Василеостровский
55.8,2,47848500,8.0,8.0,2024.0,Петроградский
31.4,3,27000000,3.0,5.0,2024.0,Петроградский
43.5,3,37497000,6.0,10.0,2026.0,Василеостровский
40.5,2,35594800,1.0,25.0,2029.0,Центральный
54.8,2,49000000,10.0,9.0,2023.0,Адмиралтейский
42.0,2,37709780,5.0,9.0,2023.0,Адмиралтейский
25.5,3,22941000,10.0,3.0,2025.0,Петроградский
43.0,4,38900000,6.0,3.0,2025.0,Василеостровский
24.9,2,22599000,7.0,9.0,2029.0,Петроградский
21.2,1,19609808,6.0,13.0,2019.0,Петродворцовый
36.7,4,34756920,3.0,6.0,2025.0,Центральный
51.2,2,49000000,3.0,4.0,2024.0,Приморский
46.0,1,44170600,6.0,9.0,2026.0,Адмиралтейский
36.0,3,34900000,6.0,5.0,2028.0,Приморский
30.3,1,30248000,10.0,13.0,2029.0,Петродворцовый
35.9,2,36000000,15.0,4.0,2026.0,Приморский
26.9,3,27000000,12.0,12.0,2024.0,Петроградский
24.9,3,25000000,12.0,7.0,2026.0,Центральный
22.9,4,22997660,3.0,12.0,2025.0,Приморский
47.6,2,48083140,2.0,19.0,2026.0,Адмиралтейский
25.5,1,25900000,4.0,4.0,2024.0,Адмиралтейский
39.5,2,41340000,5.0,16.0,2023.0,Адмиралтейский
29.4,1,31050000,2.0,15.0,2029.0,Адмиралтейский
27.7,1,29554500,5.0,18.0,2023.0,Адмиралтейский
22.7,3,24792500,4.0,12.0,2026.0,Василеостровский
30.5,2,33814800,2.0,12.0,2026.0,Петродворцовый
40.1,2,44698824,9.0,15.0,2029.0,Петроградский
34.7,1,38900000,3.0,4.0,2027.0,Приморский
25.3,1,29042116,21.0,9.0,2024.0,Приморский
39.2,2,45000000,17.0,18.0,2023.0,Приморский
35.4,1,41799000,11.0,5.0,2025.0,Адмиралтейский
35.9,1,43721120,7.0,15.0,2025.0,Приморский
31.4,2,38743500,9.0,4.0,2029.0,Адмиралтейский
27.3,4,34200000,1.0,4.0,2023.0,Центральный
37.2,1,46900000,5.0,17.0,2026.0,Петродворцовый
27.7,2,35670000,16.0,16.0,2023.0,Приморский
34.9,1,45900000,11.0,5.0,2023.0,Приморский
34.0,1,45000000,10.0,5.0,2021.0,Приморский
27.3,3,37434000,4.0,25.0,2023.0,Василеостровский
34.7,1,47848500,2.0,4.0,2028.0,Адмиралтейский
26.0,2,37434000,13.0,17.0,2024.0,Василеостровский
33.7,2,49000000,14.0,12.0,2025.0,Петродворцовый
30.3,3,45000000,14.0,24.0,2028.0,Петроградский
26.7,1,40170800,6.0,5.0,2026.0,Приморский
29.9,3,45000000,4.0,23.0,2024.0,Адмиралтейский
29.1,1,48083140,2.0,16.0,2022.0,Приморский
26.3,1,48000000,10.0,16.0,2025.0,Адмиралтейский
75.367,1,24590943,11.0,3.0,2022.0,Курортный
54.245,2,7388150,10.0,16.0,2025.0,Петродворцовый
80.904,1,20495943,2.0,17.0,2025.0,Курортный
41.84,4,14882030,4.0,9.0,2026.0,Кировский
79.041,3,39516131,4.0,8.0,2023.0,Пушкинский
103.404,2,7526410,2.0,15.0,2027.0,Колпинский
25.164,3,9400075,7.0,12.0,2026.0,Василеостровский
72.608,3,17264879,8.0,15.0,2022.0,Петродворцовый
49.002,1,13588058,13.0,6.0,2027.0,Московский
53.611,2,22829045,10.0,16.0,2024.0,Красногвардейский
94.186,2,3600000,1.0,5.0,2026.0,Невский
88.489,2,18240733,9.0,9.0,2026.0,Калининский
52.653,2,3710531,9.0,8.0,2025.0,Калининский
80.191,3,15483287,4.0,11.0,2021.0,Фрунзенский
21.2,1,20828772,2.0,9.0,2028.0,Петродворцовый
90.089,1,14335872,2.0,9.0,2027.0,Калининский
79.779,2,10165645,1.0,12.0,2024.0,Красногвардейский
65.745,4,13971988,1.0,12.0,2026.0,Пушкинский
93.408,3,32238638,1.0,7.0,2023.0,Московский
21.2,3,14155796,1.0,5.0,2026.0,Фрунзенский
132.921,6,20985783,1.0,3.0,2026.0,Адмиралтейский
50.874,1,15029422,11.0,12.0,2025.0,Красносельский
21.2,2,15962874,15.0,12.0,2027.0,Приморский
24.696,1,8759419,17.0,6.0,2027.0,Невский
96.69,3,14859410,6.0,7.0,2026.0,Кировский
23.313,1,18391447,14.0,12.0,2025.0,Красносельский
109.426,2,12131315,12.0,14.0,2029.0,Выборгский
23.352,1,34251538,15.0,10.0,2024.0,Московский
27.346,1,23441680,4.0,11.0,2025.0,Кировский
112.878,2,23448245,1.0,11.0,2023.0,Московский
35.132,2,26365957,1.0,11.0,2024.0,Невский
99.111,3,30887892,5.0,7.0,2025.0,Красносельский
71.008,1,17510672,7.0,26.0,2029.0,Кронштадтский
55.227,1,10202582,8.0,19.0,2024.0,Петродворцовый
21.2,2,5141958,4.0,6.0,2025.0,Колпинский
21.2,5,3600000,1.0,23.0,2029.0,Кировский
52.476,3,35085875,1.0,10.0,2027.0,Калининский
52.207,2,3600000,5.0,9.0,2026.0,Кировский
81.041,3,18207364,8.0,11.0,2025.0,Колпинский
75.768,2,38996030,14.0,14.0,2024.0,Адмиралтейский
73.885,1,29318822,7.0,14.0,2021.0,Колпинский
80.459,1,11481205,7.0,11.0,2025.0,Фрунзенский
56.431,2,32326493,1.0,10.0,2026.0,Выборгский
52.351,1,20058707,15.0,3.0,2027.0,Невский
62.916,1,12951720,12.0,15.0,2029.0,Невский
79.938,4,21249525,10.0,9.0,2025.0,Невский
98.663,1,24933167,5.0,18.0,2027.0,Курортный
89.859,1,15821575,1.0,8.0,2029.0,Петродворцовый
41.228,1,16891566,1.0,7.0,2026.0,Московский
85.709,1,19805211,7.0,14.0,2029.0,Московский
44.896,3,3600000,13.0,13.0,2027.0,Петродворцовый
92.682,3,19038258,7.0,13.0,2023.0,Невский
59.814,3,27266295,1.0,10.0,2029.0,Красносельский
37.033,2,25598697,6.0,19.0,2027.0,Кронштадтский
83.85,5,14338832,1.0,21.0,2024.0,Кировский
109.546,1,3600000,1.0,6.0,2026.0,Приморский
74.4,1,3600000,6.0,8.0,2026.0,Фрунзенский
69.704,3,18998921,9.0,7.0,2025.0,Петродворцовый
92.912,2,22131114,5.0,10.0,2027.0,Московский
21.2,1,3600000,3.0,16.0,2025.0,Курортный
102.052,4,15798137,13.0,12.0,2023.0,Калининский
21.2,1,12698956,10.0,22.0,2022.0,Кировский
29.608,3,15133532,1.0,17.0,2024.0,Калининский
28.615,1,21130411,5.0,13.0,2026.0,Кронштадтский
53.342,1,27989364,5.0,18.0,2026.0,Красносельский
76.866,4,38822362,7.0,12.0,2028.0,Красногвардейский
76.332,2,19907575,2.0,3.0,2021.0,Невский
49.4,2,37323088,12.0,5.0,2026.0,Василеостровский
55.33,2,23182530,5.0,18.0,2023.0,Центральный
153.362,2,31915840,7.0,15.0,2025.0,Красносельский
38.488,3,7404314,9.0,18.0,2026.0,Невский
80.444,2,26576710,1.0,9.0,2021.0,Колпинский
111.394,3,8821062,1.0,3.0,2024.0,Петроградский
79.795,2,21529395,1.0,9.0,2025.0,Кировский
91.901,3,23709879,3.0,17.0,2029.0,Красносельский
34.807,4,14487072,13.0,8.0,2028.0,Курортный
73.786,4,12658684,2.0,8.0,2026.0,Выборгский
86.686,2,28853961,1.0,6.0,2021.0,Колпинский
73.426,2,13821557,5.0,12.0,2023.0,Красносельский
87.543,3,22510534,8.0,24.0,2025.0,Приморский
39.371,1,3600000,2.0,11.0,2026.0,Центральный
38.963,3,24472519,5.0,7.0,2026.0,Невский
21.2,2,19351072,2.0,12.0,2022.0,Центральный
107.451,2,20439121,1.0,4.0,2025.0,Колпинский
89.302,4,3916782,2.0,13.0,2029.0,Петроградский
73.473,4,3600000,1.0,9.0,2024.0,Петроградский
73.222,1,22069353,3.0,19.0,2024.0,Петродворцовый
83.409,3,21347219,1.0,15.0,2023.0,Василеостровский
21.2,3,7886426,1.0,16.0,2026.0,Выборгский
114.364,2,16884331,8.0,7.0,2026.0,Красногвардейский
51.0,4,5376140,1.0,21.0,2029.0,Невский
21.2,2,13469181,5.0,4.0,2027.0,Адмиралтейский
21.2,3,38561712,7.0,9.0,2025.0,Московский
21.2,2,12350851,15.0,10.0,2029.0,Кировский
84.978,3,7216461,7.0,19.0,2025.0,Кронштадтский
64.405,1,12867130,6.0,3.0,2022.0,Приморский
47.222,1,24959921,8.0,7.0,2022.0,Невский
76.885,5,21047784,8.0,10.0,2027.0,Пушкинский
107.579,2,11868683,4.0,16.0,2029.0,Центральный
50.553,3,13903264,11.0,3.0,2023.0,Кировский
21.2,1,6721791,5.0,18.0,2025.0,Фрунзенский
63.065,3,6069481,2.0,15.0,2025.0,Красногвардейский
64.538,3,5435230,6.0,10.0,2023.0,Адмиралтейский
88.328,2,5572530,6.0,18.0,2020.0,Пушкинский
33.61,4,19571551,10.0,4.0,2023.0,Василеостровский
66.984,3,14526477,8.0,12.0,2027.0,Кировский
21.2,1,27286906,12.0,5.0,2021.0,Кировский
96.665,4,22078871,4.0,6.0,2025.0,Приморский
30.475,5,35691711,12.0,5.0,2027.0,Петродворцовый
80.055,4,23356329,10.0,15.0,2026.0,Адмиралтейский
67.847,2,3600000,14.0,22.0,2028.0,Приморский
110.944,2,18715542,1.0,14.0,2025.0,Петроградский
63.261,2,35824664,11.0,11.0,2026.0,Приморский
58.1,1,14919338,3.0,3.0,2026.0,Центральный
21.2,2,27222064,11.0,18.0,2025.0,Московский
28.14,3,20608904,12.0,18.0,2025.0,Петроградский
54.148,2,14371858,3.0,13.0,2024.0,Фрунзенский
75.596,2,19158698,8.0,4.0,2024.0,Калининский
25.474,1,3600000,6.0,11.0,2025.0,Курортный
21.2,3,33291464,1.0,9.0,2024.0,Петродворцовый
53.904,4,36251925,5.0,23.0,2025.0,Василеостровский
61.829,2,20460794,22.0,16.0,2024.0,Московский
52.694,2,26287628,6.0,13.0,2025.0,Калининский
79.457,1,23691069,1.0,3.0,2025.0,Приморский
41.413,3,3600000,4.0,8.0,2025.0,Кировский
30.719,3,17215779,1.0,3.0,2025.0,Невский
61.484,2,18959746,11.0,4.0,2023.0,Фрунзенский
74.83,4,11912326,1.0,3.0,2023.0,Красносельский
51.111,2,13195358,11.0,7.0,2023.0,Невский
21.2,3,17640092,5.0,21.0,2024.0,Фрунзенский
57.334,1,17289989,1.0,6.0,2026.0,Пушкинский
43.839,3,28957973,13.0,14.0,2028.0,Выборгский
54.189,1,17818962,3.0,10.0,2029.0,Красносельский
79.077,2,17352146,6.0,14.0,2028.0,Кронштадтский
75.534,3,4193038,6.0,17.0,2027.0,Приморский
95.153,3,29417128,8.0,9.0,2026.0,Петроградский
78.026,1,3600000,8.0,14.0,2023.0,Кировский
111.621,2,40602616,6.0,14.0,2029.0,Кронштадтский
30.907,2,16157827,1.0,10.0,2024.0,Пушкинский
66.179,2,15400717,7.0,15.0,2023.0,Курортный
102.578,2,3600000,8.0,14.0,2022.0,Калининский
90.023,3,23319964,1.0,13.0,2025.0,Центральный
94.614,4,35790429,13.0,10.0,2026.0,Василеостровский
69.124,2,25377349,6.0,7.0,2024.0,Красногвардейский
65.104,3,23728688,4.0,16.0,2026.0,Невский
114.062,2,3600000,1.0,5.0,2025.0,Невский
53.545,3,20186158,8.0,14.0,2027.0,Василеостровский
52.606,1,16926732,6.0,18.0,2028.0,Красногвардейский
47.982,3,10876206,6.0,17.0,2024.0,Кронштадтский
88.044,1,26988109,10.0,12.0,2024.0,Выборгский
46.714,3,6287626,8.0,3.0,2025.0,Курортный
148.173,1,32332099,7.0,14.0,2025.0,Московский
59.775,4,11642706,12.0,7.0,2025.0,Адмиралтейский
80.48,4,15709969,5.0,4.0,2025.0,Петроградский
33.951,2,30690653,20.0,7.0,2028.0,Фрунзенский
59.857,3,17204129,7.0,9.0,2022.0,Колпинский
87.222,2,10144843,6.0,16.0,2026.0,Петроградский
106.714,4,21845627,11.0,19.0,2028.0,Красногвардейский
85.355,3,4767290,10.0,3.0,2023.0,Красногвардейский
93.582,4,13625263,1.0,10.0,2025.0,Приморский
103.564,2,20316605,1.0,14.0,2025.0,Красногвардейский
56.98,2,13641562,15.0,11.0,2025.0,Колпинский
34.586,2,9181829,13.0,10.0,2028.0,Выборгский
66.268,2,16580597,15.0,3.0,2021.0,Выборгский
65.496,3,21615296,4.0,18.0,2028.0,Красногвардейский
97.747,2,10516106,10.0,12.0,2025.0,Петроградский
21.2,1,3804610,4.0,10.0,2022.0,Московский
35.721,5,35869517,4.0,9.0,2023.0,Пушкинский
61.026,1,15629567,1.0,6.0,2026.0,Невский
79.202,1,25709204,2.0,15.0,2025.0,Выборгский
54.247,3,23115953,6.0,21.0,2027.0,Кронштадтский
90.517,4,37572558,1.0,5.0,2029.0,Фрунзенский
21.2,2,21048193,6.0,7.0,2024.0,Адмиралтейский
35.086,5,19731661,10.0,8.0,2025.0,Кронштадтский
21.2,1,3600000,1.0,4.0,2028.0,Курортный
108.901,3,24935404,2.0,14.0,2027.0,Кронштадтский
84.035,3,10644099,1.0,4.0,2025.0,Красногвардейский
38.044,2,22660768,9.0,21.0,2028.0,Московский
122.269,2,27749590,7.0,9.0,2021.0,Красногвардейский
21.2,3,32812493,2.0,13.0,2024.0,Невский
91.347,2,35203354,4.0,17.0,2025.0,Выборгский
49.792,2,15300762,2.0,15.0,2027.0,Центральный
117.282,4,12517347,8.0,7.0,2025.0,Кировский
120.109,3,14200786,12.0,3.0,2021.0,Пушкинский
67.059,2,3600000,6.0,24.0,2027.0,Невский
50.068,2,3600000,7.0,16.0,2022.0,Колпинский
25.631,1,17113637,1.0,15.0,2027.0,Московский
21.2,1,29766825,1.0,9.0,2023.0,Петродворцовый
42.038,3,22606305,15.0,10.0,2026.0,Пушкинский
105.494,1,10523925,6.0,3.0,2026.0,Пушкинский
74.966,1,15211605,10.0,3.0,2023.0,Кронштадтский
74.189,3,36489108,8.0,15.0,2029.0,Центральный
37.862,3,21249502,4.0,5.0,2029.0,Кировский
40.094,3,15368927,5.0,15.0,2022.0,Фрунзенский
89.556,4,21541169,4.0,8.0,2024.0,Красногвардейский
52.151,3,3600000,10.0,9.0,2026.0,Петроградский
110.195,4,26834655,1.0,16.0,2026.0,Кронштадтский
64.176,3,22505618,7.0,13.0,2028.0,Василеостровский
21.2,2,14773443,1.0,12.0,2028.0,Фрунзенский
76.445,1,9331389,13.0,8.0,2026.0,Выборгский
128.349,3,14581955,9.0,3.0,2028.0,Кировский
58.061,2,10310461,10.0,13.0,2027.0,Центральный
82.459,2,40461126,1.0,19.0,2028.0,Фрунзенский
140.831,3,26958551,6.0,10.0,2025.0,Калининский
112.663,2,6761620,10.0,17.0,2027.0,Калининский
55.787,1,7225621,1.0,13.0,2025.0,Красногвардейский
21.2,1,28564597,3.0,13.0,2022.0,Выборгский
60.103,3,41491558,14.0,9.0,2024.0,Кировский
82.346,2,12299568,13.0,10.0,2029.0,Центральный
125.73,3,26870810,3.0,6.0,2026.0,Петродворцовый
66.371,1,3600000,1.0,3.0,2025.0,Калининский
64.546,1,14493332,5.0,24.0,2022.0,Калининский
123.027,3,22583268,7.0,13.0,2027.0,Калининский
94.869,1,20062704,7.0,7.0,2025.0,Красносельский
28.548,2,4695937,8.0,4.0,2027.0,Красногвардейский
45.74,1,30756456,8.0,10.0,2026.0,Выборгский
63.535,4,17959724,7.0,15.0,2027.0,Адмиралтейский
21.2,2,8870452,13.0,9.0,2021.0,Петроградский
21.2,2,14518826,4.0,18.0,2028.0,Кировский
21.2,3,22497947,8.0,17.0,2023.0,Фрунзенский
32.367,3,3600000,2.0,21.0,2025.0,Невский
73.062,2,31171680,5.0,3.0,2023.0,Невский
78.455,1,8768898,3.0,9.0,2022.0,Василеостровский
40.219,3,25220375,6.0,9.0,2026.0,Василеостровский
25.993,1,9729397,1.0,12.0,2027.0,Красногвардейский
65.857,2,20203681,6.0,3.0,2022.0,Кировский
99.996,1,20248932,12.0,10.0,2026.0,Фрунзенский
60.942,1,3600000,11.0,5.0,2024.0,Пушкинский
21.2,2,8712739,8.0,14.0,2026.0,Кронштадтский
118.67,1,15950512,12.0,19.0,2022.0,Калининский
111.199,3,18634712,5.0,9.0,2026.0,Невский
63.554,2,9265308,9.0,26.0,2021.0,Красногвардейский
39.144,3,17039353,10.0,18.0,2026.0,Колпинский
21.2,4,20563653,11.0,4.0,2023.0,Курортный
64.423,2,28174885,1.0,17.0,2025.0,Красносельский
21.2,3,3600000,9.0,3.0,2025.0,Пушкинский
104.784,2,9092936,4.0,19.0,2026.0,Василеостровский
56.959,1,20707542,1.0,16.0,2026.0,Петроградский
27.581,2,35832459,12.0,7.0,2026.0,Приморский
74.593,1,15581613,1.0,12.0,2026.0,Курортный
21.2,3,20450608,3.0,9.0,2022.0,Василеостровский
46.709,4,9679079,9.0,8.0,2026.0,Красногвардейский
94.699,2,3600000,1.0,8.0,2022.0,Красносельский
49.159,5,3600000,7.0,4.0,2024.0,Центральный
21.2,2,36954852,4.0,13.0,2027.0,Приморский
45.241,1,23416617,6.0,5.0,2026.0,Кронштадтский
47.028,3,3600000,11.0,3.0,2024.0,Петроградский
103.349,2,6449570,4.0,12.0,2025.0,Приморский
63.953,2,3600000,4.0,17.0,2022.0,Калининский
37.118,2,12370492,13.0,14.0,2022.0,Василеостровский
38.652,2,19906618,4.0,17.0,2024.0,Приморский
42.676,2,28332338,9.0,22.0,2029.0,Центральный
67.397,1,8197472,3.0,5.0,2023.0,Красногвардейский
23.616,3,6693925,20.0,8.0,2025.0,Пушкинский
123.035,3,19725276,1.0,12.0,2023.0,Курортный
92.527,2,3600000,1.0,15.0,2028.0,Петроградский
21.2,3,27434633,1.0,11.0,2026.0,Курортный
21.2,2,13028436,5.0,8.0,2024.0,Центральный
80.052,2,12145029,7.0,3.0,2026.0,Пушкинский
66.352,3,3600000,1.0,13.0,2025.0,Выборгский
49.283,3,26545509,9.0,10.0,2021.0,Кронштадтский
106.559,3,7102793,9.0,17.0,2029.0,Петроградский
57.299,3,17155783,1.0,14.0,2027.0,Пушкинский
72.471,2,32399306,2.0,7.0,2025.0,Калининский
21.2,1,3600000,6.0,4.0,2024.0,Невский
43.18,2,13328480,9.0,14.0,2024.0,Кировский
100.505,3,3600000,9.0,4.0,2028.0,Петродворцовый
74.863,2,14297307,9.0,9.0,2026.0,Калининский
45.892,1,3726346,1.0,3.0,2027.0,Пушкинский
113.485,1,24316336,13.0,8.0,2025.0,Красногвардейский
74.075,1,18681616,1.0,15.0,2027.0,Пушкинский
26.33,1,13681703,3.0,3.0,2026.0,Калининский
28.411,2,28033158,9.0,10.0,2027.0,Кронштадтский
66.103,2,11499318,8.0,6.0,2026.0,Фрунзенский
21.2,4,3600000,3.0,18.0,2025.0,Курортный
27.799,3,3600000,12.0,11.0,2023.0,Петроградский
30.401,3,24397583,1.0,9.0,2023.0,Курортный
21.2,4,16182674,1.0,7.0,2023.0,Кронштадтский
68.228,1,3600000,4.0,3.0,2024.0,Адмиралтейский
35.368,4,17145071,7.0,3.0,2024.0,Красносельский
30.153,3,3636967,5.0,7.0,2026.0,Пушкинский
55.788,2,8661130,9.0,13.0,2025.0,Красногвардейский
92.097,2,13249526,7.0,22.0,2022.0,Центральный
21.2,2,33437848,9.0,12.0,2024.0,Адмиралтейский
56.428,1,13429994,7.0,6.0,2023.0,Фрунзенский
78.293,3,19025195,11.0,12.0,2026.0,Петродворцовый
61.888,2,40293987,4.0,7.0,2026.0,Калининский
21.2,3,15529321,1.0,19.0,2027.0,Пушкинский
125.453,3,16430483,14.0,12.0,2025.0,Фрунзенский
84.794,3,16697363,2.0,12.0,2025.0,Колпинский
21.2,3,3600000,7.0,8.0,2028.0,Калининский
87.434,2,17760195,10.0,8.0,2027.0,Василеостровский
75.023,3,23620957,15.0,6.0,2022.0,Колпинский
87.467,3,17636911,1.0,16.0,2023.0,Фрунзенский
162.198,3,22795635,4.0,3.0,2024.0,Василеостровский
21.2,4,19467224,8.0,9.0,2025.0,Московский
63.902,3,14437075,5.0,3.0,2021.0,Невский
66.924,1,16170013,6.0,3.0,2023.0,Фрунзенский
78.168,1,18239750,11.0,16.0,2025.0,Красносельский
43.595,3,18633006,9.0,12.0,2027.0,Курортный
91.693,3,7908658,1.0,21.0,2026.0,Фрунзенский
40.722,3,13539410,4.0,20.0,2023.0,Фрунзенский
72.192,3,21864792,11.0,12.0,2026.0,Красногвардейский
67.135,2,18847510,10.0,15.0,2025.0,Красногвардейский
67.304,2,18612382,17.0,8.0,2026.0,Колпинский
68.336,5,12484147,8.0,6.0,2024.0,Красносельский
93.789,3,30048045,6.0,9.0,2029.0,Московский
40.529,1,6426507,11.0,9.0,2026.0,Выборгский
89.884,1,5000796,7.0,15.0,2026.0,Московский
88.047,1,10944641,2.0,19.0,2027.0,Кронштадтский
107.426,5,3600000,3.0,7.0,2023.0,Пушкинский
54.809,1,20134309,6.0,14.0,2026.0,Кировский
52.301,5,19054920,1.0,5.0,2021.0,Приморский
60.859,2,38113710,9.0,16.0,2023.0,Адмиралтейский
66.254,2,3600000,5.0,11.0,2025.0,Адмиралтейский
46.65,2,17514001,9.0,18.0,2025.0,Приморский
79.889,3,11881633,10.0,17.0,2028.0,Фрунзенский
35.531,2,16660861,6.0,7.0,2022.0,Центральный
38.867,2,8021124,1.0,13.0,2026.0,Выборгский
139.354,2,21743978,1.0,3.0,2029.0,Выборгский
29.492,2,15572258,2.0,9.0,2028.0,Василеостровский
21.2,3,21821384,3.0,3.0,2024.0,Кировский
104.652,1,15633114,9.0,3.0,2028.0,Невский
76.295,2,28175650,9.0,3.0,2023.0,Адмиралтейский
58.37,3,25008440,9.0,10.0,2021.0,Приморский
79.165,1,23312381,11.0,12.0,2018.0,Выборгский
129.161,2,3600000,12.0,11.0,2028.0,Калининский
80.6,3,24022741,17.0,17.0,2022.0,Калининский
103.83,4,11963119,12.0,17.0,2029.0,Колпинский
47.743,2,11280614,2.0,3.0,2024.0,Красногвардейский
48.225,4,16683370,12.0,13.0,2027.0,Кировский
111.561,2,21862407,8.0,9.0,2026.0,Адмиралтейский
55.805,3,30033713,12.0,11.0,2020.0,Калининский
21.2,4,18358038,11.0,6.0,2022.0,Калининский
63.859,2,17448142,20.0,16.0,2028.0,Фрунзенский
115.326,2,3600000,5.0,16.0,2023.0,Выборгский
41.472,4,24580278,9.0,15.0,2025.0,Приморский
24.688,1,18149987,8.0,19.0,2029.0,Василеостровский
31.054,2,21693045,18.0,20.0,2028.0,Красносельский
34.96,3,4731634,5.0,10.0,2029.0,Приморский
21.2,3,9040546,6.0,11.0,2025.0,Василеостровский
21.2,2,23878441,3.0,3.0,2027.0,Красногвардейский
63.472,1,24113733,1.0,13.0,2023.0,Московский
49.971,2,9628604,9.0,8.0,2027.0,Центральный
41.275,1,3600000,8.0,9.0,2020.0,Василеостровский
34.354,4,3600000,1.0,18.0,2028.0,Московский
43.502,3,3600000,1.0,9.0,2029.0,Кировский
68.436,3,39143184,3.0,11.0,2029.0,Фрунзенский
99.955,1,17639225,5.0,5.0,2023.0,Красногвардейский
98.865,2,17292066,9.0,5.0,2027.0,Петродворцовый
153.564,2,11625426,10.0,16.0,2024.0,Кировский
83.409,1,12135534,7.0,17.0,2024.0,Фрунзенский
21.2,1,3600000,5.0,4.0,2024.0,Выборгский
50.018,4,23641449,6.0,8.0,2024.0,Приморский
84.873,1,16931247,1.0,12.0,2027.0,Кировский
126.791,1,18872638,6.0,11.0,2025.0,Красносельский
93.845,4,16515729,10.0,7.0,2027.0,Невский
102.101,5,15230116,1.0,8.0,2028.0,Кировский
73.469,3,21737237,12.0,17.0,2029.0,Красносельский
95.794,2,10087212,14.0,13.0,2027.0,Кировский
45.052,2,31945660,9.0,3.0,2025.0,Колпинский
57.73,1,36849086,10.0,11.0,2024.0,Адмиралтейский
46.567,3,22356709,7.0,12.0,2025.0,Фрунзенский
35.411,1,3600000,9.0,15.0,2026.0,Красногвардейский
54.099,3,16051108,4.0,9.0,2029.0,Выборгский
82.002,1,15378709,4.0,3.0,2026.0,Невский
21.2,3,31935062,13.0,13.0,2025.0,Кронштадтский
122.228,3,6438762,7.0,14.0,2021.0,Невский
142.318,3,32347103,7.0,11.0,2026.0,Красногвардейский
32.219,4,31262785,1.0,17.0,2025.0,Московский
80.656,3,17427296,13.0,13.0,2027.0,Колпинский
138.429,3,24189128,1.0,6.0,2028.0,Красногвардейский
21.2,3,10705999,13.0,11.0,2026.0,Выборгский
34.474,1,14431774,10.0,3.0,2022.0,Московский
44.492,2,3600000,3.0,11.0,2027.0,Петродворцовый
121.378,1,9211449,14.0,12.0,2024.0,Невский
111.027,4,7777059,6.0,12.0,2023.0,Адмиралтейский
65.183,3,29493501,5.0,10.0,2027.0,Василеостровский
85.025,2,6139861,2.0,20.0,2025.0,Выборгский
47.531,3,42209249,1.0,3.0,2028.0,Выборгский
64.298,1,19416804,2.0,10.0,2026.0,Адмиралтейский
41.189,2,3600000,4.0,12.0,2024.0,Приморский
64.325,1,23953804,13.0,8.0,2026.0,Калининский
77.434,4,21996927,1.0,14.0,2028.0,Курортный
98.869,1,3600000,7.0,3.0,2025.0,Выборгский
21.2,1,5467907,6.0,9.0,2028.0,Василеостровский
81.849,2,20758561,2.0,17.0,2023.0,Фрунзенский
105.349,2,14649401,8.0,3.0,2026.0,Петродворцовый
63.28,3,15737726,1.0,10.0,2025.0,Выборгский
70.51,3,4888554,7.0,19.0,2021.0,Василеостровский
45.091,2,6832814,5.0,23.0,2022.0,Курортный
21.2,4,11579746,6.0,9.0,2023.0,Курортный
148.619,4,7389288,9.0,6.0,2021.0,Невский
104.463,3,11499010,5.0,16.0,2026.0,Кировский
21.2,2,28115820,1.0,15.0,2026.0,Василеостровский
94.662,1,3600000,4.0,17.0,2024.0,Петродворцовый
21.2,4,25398382,10.0,17.0,2026.0,Центральный
59.432,2,44806187,9.0,8.0,2026.0,Красногвардейский
116.178,1,21915670,11.0,14.0,2025.0,Адмиралтейский
63.082,2,11717672,13.0,10.0,2023.0,Центральный
102.431,3,22551255,5.0,15.0,2024.0,Красногвардейский
97.99,3,6005636,2.0,12.0,2029.0,Пушкинский
74.47,1,9734570,4.0,9.0,2024.0,Кировский
46.795,1,24906553,10.0,16.0,2022.0,Кировский
87.996,1,16638283,6.0,23.0,2029.0,Московский
149.833,1,27060838,11.0,5.0,2026.0,Адмиралтейский
83.858,2,29374572,7.0,10.0,2028.0,Кировский
89.895,1,5325966,3.0,7.0,2027.0,Пушкинский
59.725,4,31221235,7.0,6.0,2029.0,Кировский
69.294,2,6993923,1.0,15.0,2023.0,Адмиралтейский
28.059,1,22012797,14.0,12.0,2026.0,Пушкинский
41.957,1,3600000,7.0,3.0,2022.0,Петродворцовый
36.726,3,19818229,11.0,16.0,2028.0,Приморский
75.325,3,18059607,4.0,9.0,2023.0,Калининский
61.804,1,9435102,1.0,17.0,2025.0,Красносельский
92.505,2,3600000,11.0,8.0,2024.0,Фрунзенский
103.867,2,3675369,9.0,8.0,2029.0,Приморский
21.2,3,37402119,14.0,23.0,2023.0,Кировский
40.444,2,3600000,3.0,7.0,2027.0,Красносельский
74.418,1,13196505,3.0,17.0,2028.0,Колпинский
39.313,1,3600000,13.0,9.0,2024.0,Фрунзенский
108.036,2,13392150,6.0,13.0,2029.0,Невский
89.698,4,3991222,10.0,9.0,2020.0,Пушкинский
30.371,3,17760747,7.0,23.0,2022.0,Адмиралтейский
75.358,1,16843768,1.0,20.0,2024.0,Центральный
63.898,3,15968020,6.0,8.0,2025.0,Красногвардейский
38.326,2,9994540,17.0,11.0,2029.0,Центральный
73.822,1,11743536,7.0,21.0,2026.0,Московский
86.797,4,15906447,18.0,8.0,2024.0,Калининский
144.292,3,12955319,12.0,15.0,2029.0,Колпинский
55.976,2,3600000,11.0,9.0,2027.0,Фрунзенский
52.987,2,17812936,11.0,8.0,2024.0,Красносельский
77.882,1,3600000,13.0,14.0,2024.0,Красногвардейский
65.452,3,3600000,2.0,13.0,2025.0,Василеостровский
23.181,3,28250718,9.0,12.0,2025.0,Василеостровский
62.553,4,15262895,2.0,8.0,2026.0,Невский
81.51,3,26077158,13.0,17.0,2023.0,Красносельский
62.425,2,4327547,4.0,8.0,2024.0,Кировский
105.087,2,43058205,7.0,9.0,2025.0,Невский
79.807,5,7471009,10.0,12.0,2022.0,Василеостровский
108.12,1,16444025,1.0,3.0,2028.0,Калининский
27.286,2,10935267,4.0,16.0,2023.0,Петроградский
70.243,3,29823238,3.0,17.0,2023.0,Фрунзенский
26.437,4,9496883,16.0,15.0,2023.0,Кировский
91.574,3,15781211,6.0,16.0,2026.0,Пушкинский
37.349,2,29579943,14.0,16.0,2026.0,Невский
42.323,2,7698340,1.0,13.0,2026.0,Красносельский
83.578,2,22511426,6.0,14.0,2024.0,Центральный
87.738,1,17095941,3.0,8.0,2023.0,Адмиралтейский
101.251,3,37698201,5.0,26.0,2025.0,Невский
51.472,3,25504606,6.0,22.0,2026.0,Петродворцовый
34.083,3,15101984,3.0,6.0,2029.0,Красносельский
21.2,1,15986634,9.0,15.0,2027.0,Невский
76.582,1,9892148,2.0,4.0,2028.0,Адмиралтейский
98.223,2,24873704,1.0,17.0,2026.0,Пушкинский
77.929,1,3600000,3.0,15.0,2027.0,Фрунзенский
31.63,1,12706590,1.0,3.0,2023.0,Курортный
24.844,2,27896353,1.0,10.0,2027.0,Василеостровский
45.489,4,13254839,12.0,14.0,2024.0,Кировский
75.902,3,10657049,6.0,11.0,2027.0,Фрунзенский
99.595,3,3600000,12.0,25.0,2027.0,Петроградский
67.906,1,3600000,7.0,7.0,2023.0,Выборгский
85.941,1,11724171,14.0,4.0,2027.0,Кронштадтский
83.567,3,24492571,11.0,4.0,2028.0,Фрунзенский
73.83,2,21744415,8.0,6.0,2022.0,Колпинский
71.323,3,16059961,1.0,17.0,2024.0,Кировский
42.979,4,7135810,5.0,12.0,2023.0,Красносельский
119.831,2,20779085,1.0,11.0,2025.0,Петродворцовый
101.788,2,14635836,4.0,3.0,2023.0,Невский
21.2,1,12251549,15.0,16.0,2024.0,Невский
39.814,3,3600000,11.0,9.0,2023.0,Центральный
74.436,2,22482855,3.0,15.0,2026.0,Красносельский
49.989,2,22443163,16.0,17.0,2027.0,Колпинский
82.552,3,24092762,1.0,8.0,2024.0,Красногвардейский
59.078,2,28206421,10.0,10.0,2024.0,Кронштадтский
91.326,1,13180257,7.0,16.0,2027.0,Красносельский
84.909,2,9310580,5.0,11.0,2025.0,Фрунзенский
51.482,2,13521245,5.0,14.0,2023.0,Центральный
53.159,3,34644463,10.0,3.0,2025.0,Красногвардейский
71.043,3,6701484,7.0,14.0,2027.0,Красносельский
53.262,1,9872633,4.0,5.0,2026.0,Кировский
21.2,2,6580520,9.0,3.0,2025.0,Адмиралтейский
75.312,2,13802389,1.0,3.0,2024.0,Кировский
44.313,3,13544301,2.0,9.0,2026.0,Петродворцовый
128.895,1,15751568,8.0,11.0,2024.0,Центральный
47.626,1,3600000,2.0,5.0,2027.0,Красногвардейский
34.257,2,3600000,4.0,14.0,2027.0,Красногвардейский
100.781,1,3600000,10.0,22.0,2026.0,Пушкинский
21.2,2,3600000,1.0,12.0,2024.0,Василеостровский
67.231,2,26671857,7.0,19.0,2025.0,Центральный
101.205,1,46734136,8.0,14.0,2026.0,Кронштадтский
91.959,1,31596736,5.0,12.0,2022.0,Калининский
42.846,2,13491968,16.0,24.0,2025.0,Пушкинский
52.3,3,13011115,4.0,17.0,2024.0,Кировский
21.2,3,37362093,10.0,20.0,2023.0,Калининский
32.921,2,24824395,7.0,3.0,2022.0,Пушкинский
81.719,5,31156745,1.0,20.0,2027.0,Адмиралтейский
54.689,3,22445092,1.0,15.0,2020.0,Красносельский
103.71,2,11187113,11.0,17.0,2028.0,Колпинский
101.785,3,19388544,7.0,10.0,2023.0,Красногвардейский
55.409,2,31997355,6.0,17.0,2028.0,Курортный
85.23,2,30724154,9.0,4.0,2026.0,Пушкинский
58.838,3,22396228,1.0,14.0,2022.0,Кировский
101.593,3,13273337,8.0,11.0,2025.0,Выборгский
40.261,2,13189760,1.0,5.0,2029.0,Центральный
21.2,1,15336541,14.0,10.0,2028.0,Калининский
81.032,1,26597907,5.0,17.0,2023.0,Центральный
76.976,2,20879956,5.0,7.0,2029.0,Петроградский
39.121,3,8572180,1.0,18.0,2021.0,Петродворцовый
56.406,2,20935808,9.0,6.0,2027.0,Курортный
22.278,2,31358660,14.0,16.0,2023.0,Невский
93.944,3,24961103,8.0,11.0,2024.0,Выборгский
76.555,2,22521717,1.0,15.0,2029.0,Фрунзенский
62.905,3,38343413,1.0,12.0,2023.0,Петродворцовый
63.315,4,35861457,8.0,9.0,2029.0,Калининский
45.575,1,31517574,11.0,26.0,2022.0,Московский
67.388,3,3600000,13.0,16.0,2025.0,Красногвардейский
38.964,2,11567892,1.0,17.0,2028.0,Кировский
76.846,2,20061695,3.0,6.0,2028.0,Курортный
133.784,2,6604617,12.0,15.0,2027.0,Кронштадтский
42.797,2,14700503,1.0,10.0,2028.0,Петродворцовый
21.2,1,34400105,6.0,7.0,2025.0,Московский
113.409,2,31209778,6.0,20.0,2026.0,Красногвардейский
89.462,3,20272619,5.0,23.0,2023.0,Выборгский
65.508,3,11932354,8.0,10.0,2022.0,Курортный
27.566,1,18008289,9.0,14.0,2026.0,Петроградский
21.2,4,5305089,9.0,7.0,2025.0,Адмиралтейский
84.103,2,11730478,1.0,13.0,2023.0,Петродворцовый
154.342,4,24246529,6.0,3.0,2022.0,Колпинский
38.139,1,14762720,1.0,4.0,2025.0,Адмиралтейский
39.796,1,22143913,5.0,10.0,2027.0,Центральный
55.537,3,23708504,5.0,12.0,2023.0,Невский
91.165,3,21424453,8.0,11.0,2027.0,Петродворцовый
95.998,2,31419959,7.0,15.0,2026.0,Красногвардейский
39.976,3,47065072,4.0,12.0,2024.0,Кировский
117.536,1,11453787,1.0,6.0,2021.0,Пушкинский
160.234,2,3600000,11.0,7.0,2028.0,Кировский
43.511,2,24669534,5.0,8.0,2025.0,Курортный
78.507,1,11775197,10.0,13.0,2027.0,Красногвардейский
104.791,3,21326209,11.0,16.0,2024.0,Пушкинский
79.301,3,28238792,2.0,5.0,2026.0,Выборгский
21.2,3,3600000,2.0,20.0,2029.0,Петроградский
53.798,2,35649426,4.0,8.0,2029.0,Приморский
89.568,1,14702832,1.0,5.0,2027.0,Выборгский
54.148,1,14172603,8.0,17.0,2019.0,Невский
70.414,2,20867416,8.0,9.0,2024.0,Красносельский
104.077,1,15866060,7.0,21.0,2025.0,Пушкинский
106.908,2,14279211,5.0,10.0,2027.0,Центральный
73.006,1,6160336,17.0,10.0,2023.0,Красносельский
74.588,3,15058858,5.0,10.0,2022.0,Красносельский
75.072,4,17462495,1.0,11.0,2029.0,Фрунзенский
37.42,3,8579319,1.0,9.0,2025.0,Выборгский
25.914,2,12160861,8.0,4.0,2027.0,Василеостровский
120.88,1,4818608,8.0,22.0,2026.0,Невский
65.599,1,11281513,1.0,3.0,2026.0,Красногвардейский
75.872,1,19719559,4.0,20.0,2026.0,Калининский
39.299,2,6014462,4.0,10.0,2024.0,Московский
21.2,1,5207057,9.0,3.0,2022.0,Петроградский
43.352,3,23430848,9.0,3.0,2025.0,Фрунзенский
148.213,1,5298315,1.0,3.0,2028.0,Выборгский
48.82,1,3600000,5.0,9.0,2024.0,Выборгский
78.444,3,13148384,1.0,15.0,2025.0,Пушкинский
91.877,1,3600000,3.0,5.0,2027.0,Петродворцовый
102.391,3,18778327,12.0,14.0,2025.0,Адмиралтейский
68.92,2,7551442,10.0,19.0,2025.0,Петродворцовый
21.2,2,16109719,3.0,26.0,2025.0,Выборгский
65.885,1,8387771,11.0,7.0,2023.0,Колпинский
110.591,3,11657230,5.0,6.0,2023.0,Василеостровский
43.979,1,3600000,7.0,13.0,2029.0,Приморский
75.074,3,13816622,10.0,16.0,2026.0,Красногвардейский
52.841,1,7893734,3.0,4.0,2026.0,Курортный
34.114,2,5445604,5.0,7.0,2027.0,Калининский
99.414,2,9570720,1.0,13.0,2027.0,Московский
141.156,4,13240617,5.0,14.0,2023.0,Невский
77.302,2,23909722,15.0,12.0,2025.0,Невский
97.913,2,16595512,7.0,13.0,2022.0,Колпинский
34.818,1,9632726,9.0,10.0,2026.0,Петроградский
49.299,3,22922705,3.0,12.0,2029.0,Центральный
41.423,2,17528775,5.0,11.0,2022.0,Василеостровский
59.923,2,10465616,5.0,12.0,2027.0,Выборгский
78.578,2,22677491,8.0,17.0,2027.0,Московский
61.654,2,27949524,3.0,7.0,2026.0,Невский
36.97,2,15531422,1.0,10.0,2025.0,Красносельский
113.164,1,7693063,1.0,8.0,2024.0,Красносельский
102.68,3,17375141,4.0,18.0,2025.0,Василеостровский
21.2,2,24635921,17.0,12.0,2024.0,Пушкинский
83.777,1,22444143,10.0,14.0,2025.0,Фрунзенский
70.817,1,36391668,5.0,16.0,2020.0,Московский
114.962,2,22534539,9.0,7.0,2026.0,Василеостровский
44.295,3,26996300,3.0,7.0,2024.0,Фрунзенский
30.988,3,24552274,6.0,17.0,2025.0,Выборгский
31.761,3,8316400,8.0,11.0,2023.0,Кировский
112.04,2,5713392,8.0,10.0,2029.0,Центральный
52.055,4,3600000,7.0,24.0,2025.0,Колпинский
51.535,4,20574461,2.0,7.0,2024.0,Красносельский
110.521,3,21432110,1.0,3.0,2026.0,Кронштадтский
57.329,3,4335408,1.0,11.0,2026.0,Петродворцовый
85.651,2,8534461,1.0,8.0,2026.0,Красногвардейский
21.2,1,29462201,7.0,3.0,2029.0,Фрунзенский
78.075,3,12596192,3.0,24.0,2027.0,Фрунзенский
84.605,1,30245611,2.0,13.0,2022.0,Московский
75.829,1,3600000,9.0,24.0,2028.0,Кировский
65.303,3,28578408,5.0,11.0,2026.0,Петродворцовый
60.476,2,31343140,12.0,14.0,2029.0,Красногвардейский
120.207,3,49445776,1.0,7.0,2026.0,Кировский
131.336,1,26248117,12.0,16.0,2023.0,Пушкинский
106.818,3,18732175,7.0,11.0,2027.0,Фрунзенский
36.14,1,8471791,7.0,11.0,2026.0,Колпинский
43.664,4,13667785,4.0,14.0,2021.0,Кронштадтский
98.373,1,28529553,14.0,9.0,2026.0,Петроградский
49.124,3,9339577,4.0,6.0,2026.0,Фрунзенский
58.74,1,4924255,8.0,23.0,2026.0,Приморский
91.064,2,12481509,2.0,20.0,2020.0,Приморский
49.228,2,34695553,3.0,7.0,2025.0,Красносельский
49.972,1,7252391,12.0,12.0,2026.0,Петродворцовый
42.569,4,14520889,4.0,18.0,2024.0,Приморский
65.351,2,19325061,16.0,13.0,2020.0,Калининский
66.291,2,19178469,6.0,11.0,2027.0,Калининский
32.767,6,8859929,7.0,3.0,2025.0,Выборгский
49.951,3,21603735,9.0,3.0,2029.0,Московский
116.996,3,22733675,2.0,12.0,2024.0,Приморский
56.503,1,28574719,6.0,8.0,2024.0,Кировский
34.601,1,20907685,9.0,10.0,2023.0,Калининский
21.2,1,8486149,10.0,9.0,2024.0,Петроградский
76.991,3,12573605,3.0,3.0,2027.0,Приморский
58.908,2,24437454,1.0,7.0,2023.0,Выборгский
94.788,1,3600000,6.0,8.0,2022.0,Колпинский
75.633,3,9115719,10.0,9.0,2025.0,Колпинский
21.2,4,18496598,12.0,4.0,2023.0,Колпинский
73.516,2,11557516,1.0,3.0,2025.0,Красногвардейский
41.681,4,15656654,12.0,8.0,2026.0,Приморский
21.2,4,15089900,10.0,6.0,2025.0,Выборгский
107.045,3,20477734,13.0,18.0,2027.0,Курортный
41.339,1,24345077,7.0,3.0,2025.0,Пушкинский
63.194,1,22213296,8.0,23.0,2027.0,Кировский
92.829,1,6214165,8.0,3.0,2025.0,Курортный
68.448,1,21091336,6.0,20.0,2025.0,Курортный
56.604,1,20897037,9.0,26.0,2024.0,Невский
45.418,2,20634765,6.0,18.0,2024.0,Московский
83.319,2,13161132,18.0,6.0,2026.0,Петродворцовый
125.74,3,9262322,9.0,13.0,2024.0,Петроградский
78.244,2,16090142,8.0,13.0,2025.0,Выборгский
122.615,1,21127684,5.0,22.0,2023.0,Калининский
32.014,3,3600000,4.0,3.0,2026.0,Василеостровский
21.2,3,3600000,10.0,7.0,2029.0,Невский
30.713,1,23036132,5.0,10.0,2028.0,Красногвардейский
68.107,3,25220334,5.0,9.0,2021.0,Центральный
91.716,1,19955327,6.0,12.0,2028.0,Невский
56.968,2,8985423,13.0,17.0,2026.0,Выборгский
21.2,2,20470047,2.0,13.0,2023.0,Приморский
100.984,2,3600000,2.0,15.0,2025.0,Фрунзенский
54.668,4,18005963,2.0,17.0,2024.0,Василеостровский
77.191,4,33958217,8.0,14.0,2027.0,Адмиралтейский
86.913,1,19956602,5.0,14.0,2025.0,Фрунзенский
71.087,3,21323928,6.0,21.0,2026.0,Пушкинский
100.53,3,6905657,1.0,8.0,2027.0,Красногвардейский
92.254,2,30358643,5.0,14.0,2026.0,Красногвардейский
21.2,2,25643014,14.0,13.0,2025.0,Адмиралтейский
77.369,3,25859582,4.0,13.0,2028.0,Адмиралтейский
90.262,2,15959735,9.0,10.0,2026.0,Московский
109.121,1,11904041,7.0,24.0,2024.0,Невский
46.266,4,3600000,1.0,26.0,2027.0,Кировский
63.576,2,25617364,15.0,14.0,2024.0,Фрунзенский
41.251,1,3600000,1.0,6.0,2023.0,Красносельский
24.205,1,5340460,4.0,7.0,2029.0,Кировский
94.967,2,16086012,2.0,11.0,2024.0,Невский
56.966,1,27181221,8.0,8.0,2026.0,Кировский
35.491,2,9877463,2.0,3.0,2024.0,Центральный
41.373,5,26041781,13.0,16.0,2029.0,Невский
21.2,2,22528612,7.0,13.0,2028.0,Невский
92.177,1,4788146,14.0,12.0,2024.0,Выборгский
42.922,1,3600000,1.0,10.0,2024.0,Красногвардейский
74.971,2,8567443,6.0,13.0,2027.0,Кировский
101.708,2,25045780,4.0,3.0,2026.0,Центральный
84.573,3,12800121,2.0,15.0,2026.0,Приморский
102.739,1,10279650,14.0,17.0,2024.0,Фрунзенский
70.267,1,6814936,6.0,9.0,2026.0,Красногвардейский
54.065,1,20024979,5.0,10.0,2025.0,Калининский
21.2,2,16500293,2.0,17.0,2027.0,Центральный
55.795,2,15415686,6.0,10.0,2026.0,Центральный
23.155,1,3600000,10.0,13.0,2026.0,Выборгский
125.717,1,18344434,10.0,5.0,2024.0,Адмиралтейский
162.199,3,33773411,12.0,13.0,2023.0,Колпинский
21.2,4,18685589,1.0,9.0,2027.0,Невский
89.323,1,3600000,6.0,11.0,2024.0,Пушкинский
36.082,3,17269073,1.0,3.0,2025.0,Фрунзенский
84.706,1,3600000,10.0,11.0,2028.0,Невский
76.915,3,11739341,4.0,11.0,2026.0,Приморский
98.133,2,3600000,16.0,7.0,2024.0,Курортный
67.287,2,16352834,6.0,12.0,2020.0,Курортный
59.992,3,3600000,4.0,7.0,2028.0,Красносельский
90.788,1,11684033,5.0,19.0,2021.0,Курортный
21.2,1,7832772,1.0,7.0,2021.0,Адмиралтейский
105.834,3,18551081,1.0,3.0,2023.0,Кировский
94.533,3,23305275,3.0,11.0,2025.0,Невский
134.295,1,14022184,12.0,3.0,2024.0,Приморский
57.407,1,22926284,9.0,14.0,2023.0,Центральный
34.408,2,39642943,7.0,4.0,2026.0,Адмиралтейский
24.218,1,11773180,11.0,15.0,2026.0,Выборгский
46.589,2,9799058,5.0,14.0,2024.0,Центральный
119.179,2,29192172,9.0,3.0,2023.0,Калининский
35.925,2,23133962,12.0,13.0,2024.0,Колпинский
67.403,2,18502386,16.0,19.0,2027.0,Московский
47.553,2,8221061,9.0,13.0,2023.0,Калининский
68.482,1,15989048,8.0,17.0,2024.0,Невский
71.368,1,3600000,12.0,19.0,2026.0,Петроградский
100.943,3,6763037,15.0,14.0,2024.0,Красносельский
73.737,1,24046182,2.0,13.0,2024.0,Калининский
39.256,2,36809721,13.0,13.0,2025.0,Невский
103.438,1,15709082,1.0,18.0,2029.0,Калининский
21.2,3,6840521,3.0,15.0,2026.0,Кронштадтский
42.906,2,12146996,1.0,9.0,2026.0,Курортный
21.2,3,3600000,4.0,7.0,2026.0,Колпинский
103.329,1,22832907,7.0,3.0,2029.0,Пушкинский
79.271,3,19496987,4.0,16.0,2022.0,Курортный
45.822,1,21139609,11.0,9.0,2027.0,Пушкинский
34.636,2,13326892,3.0,14.0,2026.0,Красногвардейский
21.2,3,7793224,8.0,16.0,2022.0,Пушкинский
121.958,3,12042126,2.0,8.0,2023.0,Красносельский
38.581,3,12241798,1.0,8.0,2019.0,Приморский
59.216,3,3600000,12.0,16.0,2028.0,Кировский
99.49,1,24189666,2.0,3.0,2023.0,Фрунзенский
36.964,3,3600000,1.0,20.0,2027.0,Василеостровский
64.9,3,21037184,7.0,18.0,2024.0,Кировский
64.395,2,12357915,7.0,11.0,2023.0,Кировский
31.79,2,13372009,8.0,3.0,2027.0,Василеостровский
106.499,2,16015861,15.0,9.0,2028.0,Курортный
79.133,2,25635886,3.0,5.0,2024.0,Кировский
57.491,3,30537437,1.0,7.0,2022.0,Петроградский
75.365,3,3600000,6.0,14.0,2025.0,Фрунзенский
143.639,1,5574600,2.0,21.0,2028.0,Калининский
66.246,1,26088358,4.0,10.0,2027.0,Красногвардейский
57.01,2,25072690,14.0,15.0,2027.0,Калининский
40.926,3,18376995,1.0,9.0,2025.0,Калининский
115.403,3,31271717,7.0,12.0,2023.0,Курортный
65.446,1,10751652,5.0,14.0,2026.0,Московский
80.951,2,3600000,4.0,18.0,2021.0,Приморский
118.925,1,16562926,1.0,21.0,2025.0,Курортный
111.069,3,7145853,3.0,14.0,2024.0,Петроградский
63.191,1,33879843,7.0,6.0,2024.0,Московский
27.604,3,40483165,10.0,11.0,2024.0,Петроградский
135.065,2,39237004,13.0,3.0,2024.0,Адмиралтейский
62.286,2,48684454,1.0,13.0,2027.0,Выборгский
90.607,2,5330836,7.0,14.0,2026.0,Красногвардейский
113.052,3,17304741,1.0,7.0,2025.0,Калининский
48.732,1,3792505,1.0,10.0,2022.0,Выборгский
51.604,1,20613969,10.0,8.0,2024.0,Невский
40.716,1,29376277,10.0,15.0,2027.0,Курортный
111.053,3,27383847,8.0,11.0,2025.0,Центральный
54.398,3,3600000,4.0,24.0,2024.0,Центральный
34.981,3,8640991,5.0,16.0,2024.0,Петродворцовый
92.97,3,18047637,22.0,18.0,2026.0,Василеостровский
61.701,4,34880288,13.0,16.0,2022.0,Петродворцовый
22.776,1,19105639,9.0,17.0,2026.0,Кронштадтский
31.509,2,3600000,1.0,16.0,2024.0,Невский
102.703,1,22872911,3.0,3.0,2025.0,Калининский
50.033,4,3600000,8.0,5.0,2027.0,Невский
77.906,1,8326405,11.0,22.0,2026.0,Кронштадтский
76.531,5,17638694,13.0,7.0,2025.0,Кронштадтский
78.517,1,7855115,11.0,19.0,2029.0,Красногвардейский
69.581,2,31033720,10.0,5.0,2023.0,Кронштадтский
58.972,2,28046341,10.0,19.0,2021.0,Невский
88.632,1,9513946,2.0,11.0,2029.0,Курортный
37.304,3,22534827,8.0,14.0,2026.0,Кировский
102.502,1,25076613,11.0,13.0,2028.0,Петродворцовый
71.821,2,3600000,6.0,7.0,2023.0,Выборгский
82.153,2,10480484,8.0,17.0,2023.0,Кировский
94.529,1,15922244,4.0,10.0,2024.0,Красногвардейский
130.434,2,19669436,16.0,8.0,2029.0,Выборгский
125.613,3,19834624,6.0,7.0,2025.0,Фрунзенский
64.556,2,13849397,11.0,19.0,2024.0,Красносельский
77.906,4,28834410,1.0,10.0,2023.0,Калининский
119.576,1,3600000,2.0,13.0,2027.0,Невский
104.993,1,29288713,5.0,16.0,2022.0,Курортный
73.039,3,3600000,6.0,4.0,2026.0,Московский
108.785,2,26487444,13.0,3.0,2027.0,Пушкинский
56.202,1,26656192,1.0,10.0,2025.0,Невский
43.687,1,17601066,11.0,25.0,2022.0,Калининский
28.044,3,6470872,3.0,7.0,2025.0,Калининский
81.455,2,3600000,10.0,11.0,2028.0,Василеостровский
21.2,2,30443253,7.0,10.0,2023.0,Василеостровский
29.98,1,22655374,1.0,19.0,2027.0,Петродворцовый
83.986,2,5134080,6.0,5.0,2026.0,Московский
115.236,3,26459002,5.0,8.0,2026.0,Красносельский
74.158,1,7081494,9.0,17.0,2023.0,Невский
46.881,2,31741290,10.0,16.0,2029.0,Кировский
31.468,1,13809504,1.0,10.0,2024.0,Курортный
76.99,1,22869153,10.0,6.0,2024.0,Фрунзенский
27.903,1,17335548,2.0,8.0,2022.0,Красногвардейский
79.483,3,16672484,1.0,7.0,2024.0,Калининский
67.553,4,25252290,1.0,15.0,2027.0,Приморский
93.876,2,3600000,8.0,13.0,2025.0,Фрунзенский
40.542,3,16073718,7.0,13.0,2023.0,Московский
21.2,3,3600000,7.0,13.0,2027.0,Московский
62.786,4,34931570,11.0,13.0,2023.0,Красногвардейский
59.627,3,9750529,5.0,12.0,2026.0,Фрунзенский
45.301,1,33971069,18.0,14.0,2022.0,Кировский
82.32,4,3600000,6.0,12.0,2027.0,Приморский
21.2,3,28607030,6.0,14.0,2024.0,Василеостровский
99.916,3,21800697,13.0,5.0,2024.0,Курортный
45.807,3,14529393,1.0,12.0,2026.0,Невский
78.375,3,19976059,5.0,7.0,2026.0,Калининский
122.481,4,23329165,8.0,11.0,2022.0,Центральный
68.451,2,21577202,11.0,7.0,2024.0,Петроградский
91.227,2,15389675,6.0,11.0,2026.0,Московский
71.457,3,3600000,4.0,19.0,2026.0,Курортный
98.171,1,23771000,15.0,3.0,2029.0,Курортный
96.908,2,3600000,8.0,18.0,2026.0,Василеостровский
50.999,1,23962402,15.0,18.0,2021.0,Колпинский
36.227,1,17013953,8.0,3.0,2027.0,Петродворцовый
46.357,2,3600000,5.0,11.0,2026.0,Приморский
73.31,2,19610258,11.0,11.0,2026.0,Красносельский
43.003,3,10583234,8.0,11.0,2025.0,Фрунзенский
47.718,1,20647687,7.0,16.0,2024.0,Адмиралтейский
52.085,1,5879309,1.0,21.0,2028.0,Калининский
34.522,4,12766517,5.0,20.0,2027.0,Адмиралтейский
73.462,2,9976237,1.0,9.0,2028.0,Калининский
65.693,1,18973834,11.0,14.0,2026.0,Кронштадтский
94.499,1,20647158,19.0,3.0,2025.0,Выборгский
49.267,3,21608471,7.0,16.0,2025.0,Московский
70.15,2,3600000,4.0,18.0,2022.0,Василеостровский
66.101,4,16994549,5.0,3.0,2026.0,Калининский
21.2,3,24754489,12.0,15.0,2027.0,Выборгский
94.543,1,3600000,3.0,10.0,2026.0,Колпинский
103.0,3,7180651,7.0,6.0,2025.0,Петродворцовый
21.2,5,22616478,3.0,23.0,2024.0,Калининский
48.433,4,15413561,7.0,19.0,2027.0,Фрунзенский
102.772,5,19945148,7.0,12.0,2028.0,Петродворцовый
55.535,1,3838968,4.0,11.0,2029.0,Невский
33.978,1,31288601,12.0,11.0,2024.0,Петроградский
31.214,3,40921662,7.0,6.0,2026.0,Центральный
21.2,3,28532345,5.0,9.0,2023.0,Выборгский
45.873,1,36839645,8.0,15.0,2027.0,Пушкинский
50.95,2,13653627,8.0,13.0,2024.0,Невский
69.976,2,3600000,9.0,17.0,2029.0,Курортный
46.678,1,18778245,7.0,6.0,2025.0,Петроградский
96.513,1,16168066,1.0,8.0,2025.0,Пушкинский
81.32,4,24400621,11.0,20.0,2026.0,Адмиралтейский
99.327,3,23497886,1.0,6.0,2025.0,Московский
64.276,3,30650137,12.0,19.0,2023.0,Фрунзенский
49.107,3,10022110,1.0,9.0,2028.0,Петродворцовый
133.638,2,42800658,7.0,11.0,2022.0,Кировский
47.922,1,30285309,12.0,18.0,2024.0,Фрунзенский
62.966,3,33206994,8.0,23.0,2027.0,Калининский
93.191,4,37978135,12.0,11.0,2025.0,Невский
121.942,3,21416229,6.0,9.0,2025.0,Красногвардейский
123.443,2,17104309,2.0,16.0,2028.0,Выборгский
71.92,3,14892534,9.0,13.0,2025.0,Центральный
80.374,2,13938289,14.0,26.0,2023.0,Выборгский
32.445,2,26150081,9.0,12.0,2026.0,Петродворцовый
56.698,2,3600000,1.0,4.0,2027.0,Кировский
85.787,1,3600000,9.0,3.0,2028.0,Адмиралтейский
93.688,1,27792835,22.0,3.0,2027.0,Адмиралтейский
44.051,3,14321554,7.0,5.0,2027.0,Колпинский
107.236,2,3600000,14.0,11.0,2029.0,Московский
37.853,2,17838403,14.0,14.0,2026.0,Адмиралтейский
63.282,4,16579622,4.0,8.0,2024.0,Адмиралтейский
39.478,4,14323409,10.0,3.0,2026.0,Центральный
48.626,2,11220503,1.0,17.0,2026.0,Калининский
32.137,1,18941860,14.0,12.0,2022.0,Центральный
63.188,3,23049092,1.0,15.0,2023.0,Адмиралтейский
58.591,3,3600000,10.0,16.0,2025.0,Кронштадтский
31.689,3,3600000,11.0,10.0,2025.0,Московский
60.012,3,3600000,9.0,12.0,2024.0,Красногвардейский
21.2,3,33913673,13.0,14.0,2025.0,Красносельский
54.698,3,7879508,10.0,24.0,2025.0,Центральный
21.2,3,15898894,10.0,8.0,2027.0,Красногвардейский
40.086,2,3697499,16.0,11.0,2027.0,Калининский
29.221,2,28353805,4.0,6.0,2026.0,Курортный
68.065,3,34164855,8.0,15.0,2027.0,Калининский
32.234,1,3600000,10.0,13.0,2025.0,Фрунзенский
134.919,1,38552355,1.0,6.0,2020.0,Петродворцовый
27.543,1,3600000,10.0,16.0,2029.0,Московский
72.445,1,12945467,4.0,14.0,2027.0,Кронштадтский
36.334,3,16066911,5.0,7.0,2024.0,Адмиралтейский
75.459,2,13726404,18.0,19.0,2024.0,Приморский
57.715,2,9016900,8.0,20.0,2022.0,Петродворцовый
48.568,2,37980033,11.0,17.0,2025.0,Кировский
21.2,3,21808056,12.0,10.0,2025.0,Красногвардейский
95.34,1,24436509,6.0,5.0,2021.0,Приморский
114.246,4,20352456,16.0,11.0,2027.0,Петродворцовый
47.498,1,3600000,12.0,7.0,2023.0,Фрунзенский
58.051,4,39002580,1.0,9.0,2023.0,Кронштадтский
74.751,1,17318456,4.0,21.0,2026.0,Московский
21.2,2,38889204,13.0,3.0,2025.0,Колпинский
123.205,2,8302721,6.0,3.0,2023.0,Адмиралтейский
93.768,1,12450717,11.0,3.0,2026.0,Приморский
123.317,2,14698885,10.0,3.0,2025.0,Приморский
60.277,3,22485086,3.0,12.0,2029.0,Адмиралтейский
69.94,2,15863933,1.0,20.0,2024.0,Выборгский
43.866,1,29554633,11.0,12.0,2027.0,Невский
64.718,1,26238960,3.0,20.0,2025.0,Курортный
90.81,2,13343817,6.0,17.0,2024.0,Фрунзенский
65.352,3,15468698,15.0,10.0,2025.0,Калининский
21.2,1,10846711,12.0,11.0,2024.0,Калининский
117.765,4,7387655,4.0,22.0,2026.0,Курортный
89.437,3,10409181,7.0,17.0,2023.0,Приморский
27.096,1,10498757,9.0,9.0,2024.0,Кировский
25.988,3,28677739,6.0,10.0,2026.0,Фрунзенский
83.262,6,15223761,6.0,16.0,2029.0,Московский
21.2,3,44132335,9.0,4.0,2026.0,Василеостровский
106.936,1,17336379,2.0,8.0,2029.0,Невский
45.981,1,3600000,1.0,12.0,2027.0,Выборгский
118.424,1,13986406,1.0,17.0,2029.0,Колпинский
53.227,4,3600000,9.0,19.0,2025.0,Красногвардейский
124.899,4,15875066,4.0,5.0,2027.0,Петроградский
56.411,2,11143503,8.0,26.0,2025.0,Центральный
99.539,2,31981511,7.0,10.0,2021.0,Адмиралтейский
21.2,3,3600000,12.0,11.0,2025.0,Кировский
86.168,1,5968429,12.0,13.0,2025.0,Калининский
65.306,3,7776472,16.0,8.0,2029.0,Невский
92.456,3,28843652,2.0,18.0,2029.0,Кировский
66.183,2,12823194,14.0,5.0,2023.0,Пушкинский
86.246,5,11707424,7.0,7.0,2026.0,Выборгский
88.301,3,15922406,4.0,6.0,2027.0,Василеостровский
82.414,5,32477006,1.0,8.0,2026.0,Адмиралтейский
21.2,3,16432406,15.0,10.0,2028.0,Фрунзенский
30.034,3,28166470,2.0,11.0,2022.0,Приморский
93.47,2,13868148,1.0,7.0,2029.0,Курортный
30.909,2,3600000,1.0,20.0,2025.0,Пушкинский
61.759,2,23415582,1.0,12.0,2025.0,Василеостровский
97.816,1,29865919,5.0,6.0,2026.0,Кировский
117.333,3,18746243,11.0,18.0,2027.0,Выборгский
85.706,2,29834093,6.0,11.0,2029.0,Петроградский
64.724,2,32237250,10.0,13.0,2025.0,Невский
64.264,1,17924276,7.0,9.0,2027.0,Калининский
97.993,2,24648558,7.0,3.0,2027.0,Выборгский
153.222,4,24169310,7.0,12.0,2023.0,Выборгский
35.322,2,3600000,4.0,10.0,2025.0,Невский
53.386,4,23643570,4.0,11.0,2025.0,Московский
38.84,3,12036293,1.0,11.0,2025.0,Колпинский
63.616,3,21380799,17.0,19.0,2028.0,Адмиралтейский
90.791,2,26986458,4.0,12.0,2024.0,Приморский
42.828,1,20975740,6.0,3.0,2022.0,Выборгский
34.968,3,18888714,11.0,16.0,2028.0,Кировский
72.134,3,26403616,8.0,19.0,2020.0,Василеостровский
54.601,3,33398284,1.0,20.0,2023.0,Пушкинский
57.033,2,3600000,9.0,15.0,2028.0,Невский
63.656,2,34649209,1.0,5.0,2025.0,Пушкинский
56.215,2,9484009,7.0,15.0,2025.0,Кировский
59.364,2,3600000,8.0,8.0,2028.0,Петродворцовый
104.802,1,12555519,1.0,7.0,2028.0,Московский
25.948,2,15722419,9.0,3.0,2022.0,Красносельский
21.2,2,18278841,8.0,10.0,2024.0,Красногвардейский
74.703,1,16944573,8.0,22.0,2027.0,Московский
44.232,2,14014640,6.0,5.0,2028.0,Петродворцовый
54.605,3,18931201,10.0,3.0,2025.0,Адмиралтейский
86.215,1,3600000,1.0,11.0,2025.0,Московский
84.824,2,16192366,12.0,7.0,2025.0,Колпинский
113.266,3,8949340,6.0,14.0,2025.0,Калининский
42.747,3,12698552,4.0,3.0,2025.0,Приморский
54.061,2,24564671,10.0,15.0,2025.0,Невский
29.493,1,16750682,2.0,12.0,2023.0,Фрунзенский
92.874,2,7559913,1.0,14.0,2028.0,Красносельский
57.67,3,3600000,16.0,26.0,2019.0,Выборгский
40.547,2,12051305,10.0,10.0,2023.0,Приморский
82.512,1,3600000,16.0,7.0,2025.0,Красногвардейский
83.645,4,22761580,1.0,3.0,2024.0,Калининский
21.2,3,4885486,13.0,23.0,2025.0,Приморский
23.098,3,11195107,1.0,9.0,2024.0,Центральный
97.305,1,35153736,1.0,21.0,2023.0,Пушкинский
48.328,2,25137079,13.0,19.0,2024.0,Красногвардейский
38.4,1,4241998,4.0,13.0,2021.0,Центральный
116.57,3,10261833,1.0,14.0,2020.0,Кронштадтский
57.737,4,3600000,11.0,11.0,2024.0,Невский
85.266,3,35691275,11.0,7.0,2023.0,Курортный
115.114,1,32420236,9.0,13.0,2025.0,Московский
64.476,2,24006825,6.0,6.0,2027.0,Выборгский
81.632,2,3600000,15.0,21.0,2027.0,Василеостровский
54.787,4,12743871,3.0,23.0,2025.0,Василеостровский
21.2,3,38759087,6.0,10.0,2023.0,Василеостровский
38.806,2,3600000,14.0,18.0,2025.0,Василеостровский
117.246,2,4682889,1.0,7.0,2022.0,Калининский
90.323,2,20355859,3.0,12.0,2029.0,Московский
78.078,1,32848041,4.0,18.0,2025.0,Петродворцовый
87.827,2,28254181,3.0,16.0,2024.0,Курортный
49.287,2,5010222,7.0,11.0,2024.0,Фрунзенский
69.56,1,15158508,1.0,26.0,2028.0,Красногвардейский
104.871,1,3600000,4.0,3.0,2025.0,Приморский
96.31,1,20827232,6.0,13.0,2024.0,Петроградский
61.481,4,8060335,10.0,11.0,2024.0,Кировский
54.826,1,3600000,12.0,19.0,2029.0,Выборгский
21.2,2,16662436,1.0,21.0,2029.0,Калининский
64.633,1,33130493,7.0,9.0,2026.0,Калининский
69.998,1,28202479,6.0,18.0,2025.0,Невский
23.765,3,7143587,4.0,11.0,2025.0,Колпинский
57.151,3,12480942,5.0,12.0,2025.0,Кировский
63.766,3,5262528,4.0,3.0,2027.0,Центральный
36.083,2,3627273,1.0,3.0,2023.0,Фрунзенский
40.065,3,7567769,10.0,5.0,2025.0,Курортный
144.182,3,10179011,10.0,24.0,2022.0,Колпинский
56.944,2,12969953,1.0,20.0,2022.0,Кировский
100.576,2,6032625,1.0,10.0,2024.0,Центральный
21.2,3,17779521,7.0,20.0,2024.0,Красносельский
46.37,2,15563970,2.0,3.0,2024.0,Красногвардейский
69.637,4,37518937,10.0,20.0,2027.0,Пушкинский
127.959,3,24118136,5.0,11.0,2024.0,Невский
40.5,2,3600000,15.0,10.0,2026.0,Василеостровский
75.217,4,3600000,18.0,18.0,2026.0,Курортный
25.251,2,32034237,1.0,15.0,2026.0,Курортный
